rank,cell_id,center_lat,center_lon,response_class,confidence,human_review_priority,first_visible_date,last_absent_date,observed_assets,temporal_change,evidence,image_quality,alignment_quality,uncertainty_reason,secondary_response_class,secondary_confidence,secondary_observed_assets,scene_ids,human_status,human_finding,human_notes
1,aoi12_r017_c117,10.61191147,-66.82904267,likely_response_signal,0.92,high,2026-06-26T15:10:00Z,2025-11-03/2026-03-21/2026-04-07,large debris field covering former building footprint | temporary structures or shelters near rubble area | organized material staging at edge of destruction | road clearance activity with vehicles along main road | ambulance and fire/military-sized vehicles near affected zone,significant structural damage visible post-event; organized response activities evident in subsequent images,"Pre-event image shows intact buildings and no large-scale destruction. Post-event images from June 26 show extensive rubble and structural collapse. By June 29, temporary shelters, organized material staging, and emergency vehicles are visible. The July 5 image confirms persistence of these elements. No evidence of pre-existing response assets in the pre-event image.",good,good,"Minor alignment differences between sensors and slight cloud cover on June 29 images introduce some uncertainty in asset detection, but overall signal is strong.",likely_response_signal,0.8,large organized gathering in open area | possible temporary structures or tents near gathering,VANTOR_PRE_EVENT_MOSAIC | COPERNICUS_LEGION_20260626 | VANTOR_B140001100B5C810_20260629 | VANTOR_B140001100B5C710_20260629 | COPERNICUS_GEOEYE1_20260705,pending,,
2,aoi12_r018_c113,10.61411884,-66.83802582,likely_response_signal,0.92,high,2026-06-26T15:10:00Z,2025-11-03/2026-03-21/2026-04-07,large-scale rubble and collapsed structures | excavators/ loaders on site | dump trucks or heavy vehicles near debris | organized staging of materials | temporary tents or shelters | concentration of personnel in open areas | road clearance activity,significant destruction and debris accumulation post-event; visible response assets appear by June 26 and persist through June 29,"The pre-event image (2025-11-03) shows a populated urban area with intact buildings and roads. The June 26 image reveals widespread destruction, large piles of rubble, and the presence of multiple excavators, dump trucks, and organized material staging consistent with emergency response operations. By June 29, similar response assets remain visible across the scene, including temporary shelters and road-clearing efforts. The July 5 image is too low-resolution to confirm details but does not contradict earlier findings. No response assets are visible in the pre-event image.",good,good,"Minor alignment discrepancies between sensors; cloud cover in some images may obscure full visibility, though the core response indicators are clear.",likely_response_signal,0.8,large organized gathering near the center of the image | possible temporary structures or tents in the central area | increased vehicle presence compared to pre-event,VANTOR_PRE_EVENT_MOSAIC | COPERNICUS_LEGION_20260626 | VANTOR_B140001100B5C810_20260629 | VANTOR_B140001100B5C710_20260629 | COPERNICUS_GEOEYE1_20260705,pending,,
3,aoi12_r019_c110,10.61632619,-66.84476319,likely_response_signal,0.92,high,2026-06-26T15:10:00Z,2025-11-03/2026-03-21/2026-04-07,large debris piles and collapsed structures | excavators and loaders at demolition site | dump trucks and cargo vehicles on roads | temporary tents or shelters near damaged buildings | organized material staging areas | road clearance activity,"significant destruction post-event with visible response assets appearing by June 26, increasing through June 29",Pre-event image shows intact buildings and infrastructure; post-event images show widespread structural collapse and active machinery consistent with emergency response operations. Response assets are clearly visible in the June 26 and June 29 images. The July 5 image confirms persistence but not initial arrival.,good,good,"Slight alignment variation between sensors and minor cloud cover in some images may affect precise asset identification, though overall change is clear.",likely_response_signal,0.8,large excavator/loader near center-right | organized material staging area near center | temporary structures or tents near center-left,VANTOR_PRE_EVENT_MOSAIC | COPERNICUS_LEGION_20260626 | VANTOR_B140001100B5C810_20260629 | VANTOR_B140001100B5C710_20260629 | COPERNICUS_GEOEYE1_20260705,pending,,
4,aoi12_r020_c109,10.61853353,-66.84700897,likely_response_signal,0.92,high,2026-06-26T15:10:00Z,2025-11-03/2026-03-21/2026-04-07,large debris field covering central area | excavators and loaders visible in rubble | dump trucks and cargo vehicles near cleared zones | organized material staging piles | temporary tents or shelters near damaged buildings | ambulances and emergency response vehicles on roads | military-sized vehicles at perimeter | road clearance activity along main thoroughfare,significant structural damage and widespread rubble post-event; presence of multiple response assets not visible pre-event,"Post-event images show extensive destruction and the presence of heavy machinery, emergency vehicles, and organized response activities consistent with disaster response. The pre-event image shows no such assets. The June 29 images confirm persistence of response activity despite minor sensor differences.",good,good,"Minor discrepancies between two June 29 images due to sensor angle and cloud cover, but overall consistency supports a clear response signal.",likely_response_signal,0.8,multiple excavators or loaders near the collapsed building | organized material staging areas around the debris | large organized gathering of people consistent with a collection point,VANTOR_PRE_EVENT_MOSAIC | COPERNICUS_LEGION_20260626 | VANTOR_B140001100B5C810_20260629 | VANTOR_B140001100B5C710_20260629 | COPERNICUS_GEOEYE1_20260705,pending,,
5,aoi12_r014_c029,10.60528926,-67.02667203,likely_response_signal,0.85,high,2026-06-26T15:10:00Z,,multiple white and light-colored vehicles clustered near the top-right residential block in image 2 and 3 | organized piles of debris or construction materials adjacent to the residential block in image 2 and 3 | newly visible temporary structures or tents near the residential block in image 2 and 3 | increased vehicle activity on the road adjacent to the residential block in image 2 and 3,new clusters of vehicles and materials appear in the residential area between pre-event and post-event images; these are not present in the pre-event mosaic and persist in subsequent images,"in the pre-event mosaic (2025-11-03/2026-03-21/2026-04-07), the residential area shows no visible vehicles, temporary structures, or organized material piles. In the post-event images (2026-06-26 and 2026-06-27), multiple white/light-colored vehicles, temporary structures, and organized debris piles are visible in the same area, indicating a new, organized presence consistent with emergency response. The July 5 image is obscured by cloud and cannot be used for comparison.",good,good,"July 5 image is heavily clouded and unusable; however, the June 26-27 images show clear, consistent changes from the pre-event state, supporting a likely response signal.",possible_response_signal,0.6,organized material staging area near the center-right of the image,VANTOR_PRE_EVENT_MOSAIC | COPERNICUS_LEGION_20260626 | VANTOR_B15000110186C610_20260627 | COPERNICUS_GEOEYE1_20260705,pending,,
6,aoi12_r016_c037,10.60970408,-67.00870572,likely_response_signal,0.85,high,2026-06-27T13:48:10Z,2025-11-03/2026-03-21/2026-04-07,large white temporary tent structure in central road intersection | multiple heavy trucks (including dump trucks and cargo trucks) near the tent and along roads | yellow excavator or loader visible near the tent and rubble pile | organized staging of materials and vehicles in the central intersection area | significant structural collapse visible in upper right quadrant (building with blue pool now rubble) | road clearance activity evident in central intersection,"pre-event image shows no temporary structures or heavy equipment; post-event images show new temporary tent, heavy vehicles, and excavation equipment; rubble and structural damage are new; road intersection is now occupied by response assets","The pre-event mosaic shows no temporary structures, heavy vehicles, or excavation equipment in the central intersection. The June 26 image shows initial signs of damage and some vehicles, but the June 27 image clearly shows a large white tent, multiple trucks, and a yellow excavator/loader, indicating organized emergency response activity. The July 5 image, though hazy, still shows the tent and vehicles, confirming persistence. These assets are not present in the pre-event image and are consistent with emergency response operations.",good,good,"July 5 image is heavily obscured by haze, reducing confidence in fine details, but the presence of the tent and vehicles is still discernible. The June 26 image has lower resolution and less clarity than June 27, but the June 27 image provides clear evidence of response assets.",likely_response_signal,0.8,excavator/loader near the center of the image | organized material staging area near the center | temporary white tent-like structure near the center,VANTOR_PRE_EVENT_MOSAIC | COPERNICUS_LEGION_20260626 | VANTOR_B15000110186C610_20260627 | COPERNICUS_GEOEYE1_20260705,pending,,
7,aoi12_r018_c111,10.61411884,-66.8425174,likely_response_signal,0.85,high,2026-06-26T15:10:00Z,2025-11-03/2026-03-21/2026-04-07,temporary white and blue tents/staging areas in open field | organized groups of people near tents | red and white vehicles (possibly ambulances or response trucks) | small yellow construction equipment (excavator/loader) near central area | large-scale material staging on right side of field | dirt paths and cleared zones indicating recent activity,"significant change from pre-event to post-event images: open green field becomes active site with tents, vehicles, people, and equipment.","In the pre-event image (2025-11-03/2026-03-21/2026-04-07), the grid cell shows an undeveloped grassy field adjacent to buildings and a road. By June 26, 2026, the same area displays temporary structures, organized gatherings, multiple vehicles including emergency-style units, and construction equipment—consistent with a disaster response camp. The June 29 images confirm persistence of these assets. The July 5 image shows continued presence but cannot establish first arrival. No permanent industrial equipment or containers are visible that would suggest prior use; all observed assets appear consistent with emergency response deployment.",good,good,"The two June 29 images show minor differences possibly due to cloud cover or viewing angle, but both confirm ongoing activity. Alignment between sensors is good, and the change is clear. However, the exact nature of some small vehicles and tents remains ambiguous without ground truth.",likely_response_signal,0.9,organized material staging areas | temporary tents or structures | large organized gatherings compatible with a shelter or collection point,VANTOR_PRE_EVENT_MOSAIC | COPERNICUS_LEGION_20260626 | VANTOR_B140001100B5C810_20260629 | VANTOR_B140001100B5C710_20260629 | COPERNICUS_GEOEYE1_20260705,pending,,
8,aoi12_r015_c030,10.60749668,-67.02442624,possible_response_signal,0.7,high,2026-06-26T15:10:00Z,2025-11-03/2026-03-21/2026-04-07,"large organized gathering of people and vehicles on the southeast corner | temporary structures or tents near the southeast corner | multiple emergency-style vehicles (ambulances, fire trucks) in the southeast area | dump trucks and construction equipment on roads and in open areas | organized material staging and debris piles along streets","significant change from pre-event to post-event images, with new activity concentrated in the southeast quadrant","Post-event images show clear signs of organized response activity including emergency vehicles, temporary shelters, and material staging, particularly in the southeast quadrant. These assets are not visible in the pre-event reference image. The July 5 image shows continued presence but cannot confirm initial arrival timing. Cloud cover is absent in all usable images.",good,good,"Image alignment is good, but sensor differences (mosaic vs. single-pass) and resolution variations introduce some uncertainty in asset identification; however, key response indicators are clearly visible.",likely_response_signal,0.9,large organized gatherings compatible with a shelter or collection point | temporary tents or structures,VANTOR_PRE_EVENT_MOSAIC | COPERNICUS_LEGION_20260626 | VANTOR_B15000110186C610_20260627 | COPERNICUS_GEOEYE1_20260705,pending,,
9,aoi12_r007_c016,10.58983689,-67.05586728,possible_response_signal,0.65,high,2026-06-26T15:10:00Z,2025-11-03/2026-03-21/2026-04-07,large organized material staging with stacked containers and equipment in central area | temporary white tents or structures near central area | increased vehicle density including trucks and possibly emergency vehicles in central area | organized road clearance activity along main road,"significant increase in material staging, temporary structures, and vehicle density compared to pre-event image","Post-event images show a large accumulation of shipping containers, temporary white structures, and numerous vehicles concentrated in the central area, which is not visible in the pre-event image. These assets are consistent with response operations. The change appears significant and sustained across both post-event images.",good,good,Sensor differences (Legion vs GeoEye-1) affect resolution and interpretation; some objects may be ambiguous between industrial use and response use.,likely_response_signal,0.85,excavators | loaders | trucks | temporary tents | large organized gatherings,VANTOR_PRE_EVENT_MOSAIC | COPERNICUS_LEGION_20260626 | COPERNICUS_GEOEYE1_20260705,pending,,
10,aoi12_r009_c030,10.59425193,-67.02442624,possible_response_signal,0.65,high,2026-06-26T15:10:00Z,2025-11-03/2026-03-21/2026-04-07,small temporary white tent near red-roofed buildings | cluster of vehicles including trucks and possibly ambulances near central compound | organized material staging area with blue and white containers,increase in vehicle density and presence of temporary structures compared to pre-event image,"In the June 26 image, a cluster of vehicles (including what appear to be emergency or utility trucks) and a small white temporary tent are visible near the central buildings, not present in the pre-event mosaic. The June 27 image shows continued presence of these assets. The July 5 image is obscured by clouds and cannot be used for confirmation.",good,good,Cloud cover in the final image prevents assessment of persistence; sensor differences and potential misalignment between images introduce uncertainty.,likely_response_signal,0.85,excavators | loaders | trucks | temporary tents | organized material staging | large organized gatherings,VANTOR_PRE_EVENT_MOSAIC | COPERNICUS_LEGION_20260626 | VANTOR_B15000110186C610_20260627 | COPERNICUS_GEOEYE1_20260705,pending,,
11,aoi12_r012_c028,10.60087438,-67.02891782,possible_response_signal,0.65,high,2026-07-05T15:05:00Z,2026-06-27T13:48:10Z,Large white smoke plume covering right side of image | Red cross symbol on building roof in pre-event and post-event images,Appearance of large smoke plume in July 5 image not present in earlier images,"The red cross symbol indicates a medical facility, which may be involved in response. The large smoke plume in the July 5 image is a significant change not seen in earlier images and could indicate fire or structural collapse requiring emergency response. However, no other clear response assets (vehicles, tents, personnel) are visible. The absence of such assets in earlier images does not rule out response activity due to cloud cover or sensor limitations.",good,good,Image quality and sensor differences limit definitive assessment; smoke plume presence suggests possible incident but lacks confirmation of response assets; potential for misinterpretation due to compression artifacts and atmospheric effects.,likely_response_signal,0.9,organized material staging area with multiple tents | large organized gathering compatible with a shelter or collection point,VANTOR_PRE_EVENT_MOSAIC | COPERNICUS_LEGION_20260626 | VANTOR_B15000110186C610_20260627 | COPERNICUS_GEOEYE1_20260705,pending,,
12,aoi12_r012_c042,10.60087438,-66.99747678,possible_response_signal,0.65,high,2026-06-26T15:10:00Z,2025-11-03/2026-03-21/2026-04-07,"Multiple green-roofed buildings with vehicles parked in front, including what appear to be emergency or utility trucks. | An airplane on a runway/taxiway in the lower right of the image. | A temporary structure or tent-like object near the central building complex.",Increase in number and variety of vehicles at the site between pre-event and post-event images; presence of an airplane on the ground.,"The pre-event image shows a relatively static site with minimal vehicle activity. The June 26 image reveals multiple vehicles, some with bright colors (yellow/green) suggestive of response or utility vehicles, clustered around the main buildings. A large airplane is visible on the runway in the June 27 image, indicating potential airlift or transport operations. These changes are consistent with an emergent response effort. The July 5 image is obscured by cloud cover and cannot be used for definitive assessment. No clear evidence of permanent industrial equipment or structures has been added that would suggest non-response use.",good,good,"The June 27 image shows an airplane, which may indicate response-related logistics, but the asset is not present in the June 26 image. The July 5 image is heavily obscured by clouds, preventing assessment of persistence or further activity. While the June 26 image shows increased vehicle presence, it is difficult to definitively classify all vehicles as response assets without ground truth. The alignment quality is good, but differences in sensor resolution and viewing angle between images introduce uncertainty.",likely_response_signal,0.8,large organized gathering near the building | temporary structures or tents set up around the main building,VANTOR_PRE_EVENT_MOSAIC | COPERNICUS_LEGION_20260626 | VANTOR_B15000110186C610_20260627 | COPERNICUS_GEOEYE1_20260705,pending,,
13,aoi12_r012_c066,10.60087438,-66.94357787,possible_response_signal,0.65,high,2026-06-26T15:10:00Z,2025-11-03/2026-03-21/2026-04-07,large military ship docked at pier | smaller support vessels near pier | organized staging of materials on pier,presence of large military vessel and support craft not visible in pre-event image,"A large military ship is visible in the June 26 and June 29 images, docked alongside a pier. This asset is absent in the pre-event mosaic (2025-11-03/2026-03-21/2026-04-07). The ship's features (flight deck markings, superstructure) are consistent with a naval support or amphibious assault vessel. Small boats and material staging are also present on the pier, suggesting active operations. The July 5 image is obscured by cloud cover, preventing assessment of persistence. The sensor differences between images (Legion vs. Vantor/LG04) are significant, but alignment quality supports comparability.",good,good,"The June 29 image shows the same assets as June 26, but due to differing sensor resolution and viewing angle, direct comparison is limited. The July 5 image is heavily obscured by clouds, making it impossible to confirm whether the response assets persisted. While the presence of a military vessel strongly suggests a response, its exact role cannot be confirmed from imagery alone.",likely_response_signal,0.8,large military-style ship docked at pier | organized material staging near the ship,VANTOR_PRE_EVENT_MOSAIC | COPERNICUS_LEGION_20260626 | VANTOR_B140001100B5C810_20260629 | COPERNICUS_GEOEYE1_20260705,pending,,
14,aoi12_r013_c028,10.60308183,-67.02891782,possible_response_signal,0.65,high,2026-06-26T15:10:00Z,2025-11-03/2026-03-21/2026-04-07,"large debris piles and collapsed structures in central area | scattered vehicles on roads, some appearing to be emergency or utility types | visible road clearance activity near intersections",significant structural damage and debris visible post-event compared to pre-event image,"Post-event images (June 26 and June 27) show widespread destruction with rubble and collapsed buildings not present in the pre-event image. There is evidence of ongoing activity including cleared roads and scattered vehicles consistent with initial response operations. The July 5 image is heavily obscured by cloud cover, preventing assessment of continuity.",good,good,Cloud cover in the final image (July 5) prevents confirmation of persistence; alignment between sensors may be imperfect due to different view angles and resolutions.,possible_response_signal,0.6,Possible organized gathering near the center of the grid cell on 2026-06-27 | Potential temporary structures or material staging areas adjacent to the central gathering,VANTOR_PRE_EVENT_MOSAIC | COPERNICUS_LEGION_20260626 | VANTOR_B15000110186C610_20260627 | COPERNICUS_GEOEYE1_20260705,pending,,
15,aoi12_r013_c083,10.60308183,-66.90539947,possible_response_signal,0.65,high,2026-06-29T14:09:55Z,2026-06-26T15:10:00Z,temporary tents and shelters in baseball field area | organized material staging on grassy infield | increased vehicle concentration near stadium entrance,significant change from June 26 to June 29,"The June 26 image shows a baseball field with no temporary structures or organized activity. The June 29 image shows the same area with numerous white and colored tents, organized material piles, and increased vehicle presence consistent with emergency response staging. The July 5 image is unusable due to poor quality and lack of detail.",good,good,Image 3 (July 5) is of insufficient quality for reliable assessment; sensor differences between images may affect detectability.,likely_response_signal,0.9,organized temporary tents or structures | large organized gathering compatible with a shelter or collection point,COPERNICUS_LEGION_20260626 | VANTOR_B140001100B5C810_20260629 | COPERNICUS_GEOEYE1_20260705,pending,,
16,aoi12_r014_c031,10.60528926,-67.02218045,possible_response_signal,0.65,high,2026-06-26T15:10:00Z,2025-11-03/2026-03-21/2026-04-07,large debris piles and collapsed structures in central and eastern blocks | organized groups of people near intersections and open areas | temporary material staging on roadsides | visible road clearance activity with cleared paths and vehicles moving along main roads,significant structural damage and disarray post-event compared to pre-event condition,"Post-event images (2026-06-26 and 2026-06-27) show widespread destruction, including collapsed buildings and rubble, consistent with earthquake impact. There is visible evidence of organized response activities such as large debris piles, temporary material staging, and groups of people in open areas suggestive of collection or shelter points. No such signs are present in the pre-event image. The July 5 image shows continued presence of damaged infrastructure but lacks clear new response assets. The change from a stable residential layout to one marked by destruction and activity indicates a likely emergency response.",good,good,"The images differ in sensor type, resolution, and viewing angle, which affects direct comparison. Cloud cover in some scenes may obscure details. While the damage is evident, the distinction between immediate response and ongoing recovery efforts cannot be definitively established without ground truth.",possible_response_signal,0.6,large organized gatherings near the bottom right corner | possible temporary structures or tents scattered across the area,VANTOR_PRE_EVENT_MOSAIC | COPERNICUS_LEGION_20260626 | VANTOR_B15000110186C610_20260627 | COPERNICUS_GEOEYE1_20260705,pending,,
17,aoi12_r015_c029,10.60749668,-67.02667203,possible_response_signal,0.65,high,2026-06-26T15:10:00Z,2025-11-03/2026-03-21/2026-04-07,large organized gathering of people and vehicles near central road intersection | temporary tents or shelters visible in open area adjacent to housing blocks | increased presence of small vehicles and possible emergency response units around central area | evidence of site organization including staging areas and road access control,significant change in activity level and use of open spaces post-event,"Pre-event image shows no large gatherings or temporary structures; post-event images show clear signs of organized activity, including crowds, tents, and vehicle clustering consistent with emergency response operations.",good,good,Cloud cover in the final image (July 5) obscures visibility; slight differences in sensor resolution and viewing angle between images may affect confidence.,possible_response_signal,0.6,large organized gathering near the center of the image | several vehicles clustered together near the gathering,VANTOR_PRE_EVENT_MOSAIC | COPERNICUS_LEGION_20260626 | VANTOR_B15000110186C610_20260627 | COPERNICUS_GEOEYE1_20260705,pending,,
18,aoi12_r015_c031,10.60749668,-67.02218045,possible_response_signal,0.65,high,2026-06-26T15:10:00Z,2025-11-03/2026-03-21/2026-04-07,large-scale rubble and collapsed structures in multiple blocks | organized material staging with piles of debris and construction materials | temporary tents or shelters near the southeast corner | concentrated gatherings of people around damaged areas | emergency vehicles including ambulances and trucks near central roads,significant structural damage and presence of response activity compared to pre-event image,"Post-event images show widespread building collapse and organized debris management, consistent with a disaster response. Visible assets include temporary shelters, emergency vehicles, and large crowds, indicating active recovery operations. The pre-event image shows no such features. The July 5 image confirms persistence but not initial arrival.",good,good,"The June 27 image has lower resolution and potential cloud cover; alignment between sensors is good but not perfect, and some features may be obscured by debris or shadows.",likely_response_signal,0.8,large organized gatherings compatible with a shelter or collection point | organized material staging areas,VANTOR_PRE_EVENT_MOSAIC | COPERNICUS_LEGION_20260626 | VANTOR_B15000110186C610_20260627 | COPERNICUS_GEOEYE1_20260705,pending,,
19,aoi12_r015_c034,10.60749668,-67.01544309,possible_response_signal,0.65,high,2026-06-26T15:10:00Z,2025-11-03/2026-03-21/2026-04-07,large temporary gathering of people and vehicles on the orange field | organized material staging near central road intersections | multiple white trucks and vans parked along roads | temporary structures or tents near lower-left edge,visible increase in activity and vehicle presence post-event,"In the pre-event image, the large open field is empty with no visible activity. In the June 26 image, the same field shows a significant number of people and vehicles, including what appear to be emergency response units. There is also organized material staging and multiple white trucks along roads. The June 27 image confirms continued activity, while the July 5 image is obscured by cloud cover and cannot be used for definitive assessment.",good,good,"The July 5 image is heavily clouded, preventing assessment of persistence. While the June 26 and 27 images show signs consistent with response, the exact nature of some assets (e.g., whether they are military or civilian) is uncertain due to resolution limits.",likely_response_signal,0.8,organized material staging area with white canopies | large organized gathering in open space | increased vehicle presence near staging area,VANTOR_PRE_EVENT_MOSAIC | COPERNICUS_LEGION_20260626 | VANTOR_B15000110186C610_20260627 | COPERNICUS_GEOEYE1_20260705,pending,,
20,aoi12_r016_c035,10.60970408,-67.0131973,possible_response_signal,0.65,high,2026-06-27T13:48:10Z,2025-11-03/2026-03-21/2026-04-07,large-scale rubble and collapsed structures indicating severe damage | excavators or heavy machinery visible in debris field on June 27 | organized material staging areas near damaged buildings | temporary tents or shelters in lower-right quadrant on June 27,"significant structural collapse and debris accumulation between pre-event (Nov 2025–Apr 2026) and post-event (June 26–27, 2026)","Pre-event image shows intact urban fabric with no signs of disaster; June 26 image shows widespread destruction but limited response assets; June 27 image reveals clear evidence of emergency response activity including heavy machinery and temporary shelters, which are not present in the pre-event image. The July 5 image is too degraded to confirm persistence.",good,good,"July 5 image has poor quality due to haze/overexposure, limiting confidence in absence/persistence; alignment between sensors varies slightly, though core area matches well.",likely_response_signal,0.8,large organized gathering near the center of the grid cell | temporary tents or structures set up in open spaces,VANTOR_PRE_EVENT_MOSAIC | COPERNICUS_LEGION_20260626 | VANTOR_B15000110186C610_20260627 | COPERNICUS_GEOEYE1_20260705,pending,,
21,aoi12_r016_c111,10.60970408,-66.8425174,possible_response_signal,0.65,high,2026-06-26T15:10:00Z,2025-11-03/2026-03-21/2026-04-07,large excavation site with exposed earth and foundation trenches | excavator/earthmoving equipment within the excavation area | temporary material staging around the construction zone | organized activity consistent with heavy machinery operations,"significant change from pre-event to post-event images: a large excavation and construction-like activity appears on June 26, persisting through June 29.","A large excavation site with visible earth-moving equipment is present in the June 26 image but absent in the pre-event mosaic (November 2025–April 2026). The same activity persists in the June 29 images, though sensor differences between LG04 and Legion cause slight discrepancies in coverage and clarity. No response assets are visible in the July 5 image; it shows no new evidence of activity beyond what was already established. The observed changes are consistent with emergency infrastructure or debris clearance work, not normal development. The scene contains no tents, vehicles, or organized crowds typical of shelter or collection points.",good,good,Discrepancy between the two June 29 images due to different sensors (LG04) and viewing angles; limited visibility in the July 5 image makes persistence assessment difficult. Cloud cover or resolution may affect confidence in asset detection.,likely_response_signal,0.8,excavators or loaders visible near construction area | organized material staging around construction site,VANTOR_PRE_EVENT_MOSAIC | COPERNICUS_LEGION_20260626 | VANTOR_B140001100B5C810_20260629 | VANTOR_B140001100B5C710_20260629 | COPERNICUS_GEOEYE1_20260705,pending,,
22,aoi12_r019_c112,10.61632619,-66.84027161,possible_response_signal,0.65,high,2026-06-26T15:10:00Z,2025-11-03/2026-03-21/2026-04-07,"large debris field and collapsed structure in lower right | small white vehicle near road center, possibly emergency or support | temporary orange-colored object (possibly tent or tarp) near debris pile | concentration of vehicles on road, including potential emergency units",significant structural damage and debris accumulation post-event; increased vehicle presence,"Post-event images show extensive destruction and rubble not present in the pre-event mosaic. The June 26 image shows a dense cluster of vehicles on the road adjacent to the damaged area, with at least one small white vehicle consistent with an ambulance or utility vehicle. A temporary orange structure appears near the debris. The subsequent June 29 images confirm the persistence of the damage and the presence of vehicles, though sensor differences make direct comparison uncertain. No response assets are visible in the pre-event image.",good,good,"The two June 29 images show slight discrepancies in coverage and resolution, making definitive asset attribution challenging. The July 5 image confirms persistent conditions but cannot establish first-arrival timing.",possible_response_signal,0.6,Possible organized gathering near the bottom right corner of the scene in the post-event images.,VANTOR_PRE_EVENT_MOSAIC | COPERNICUS_LEGION_20260626 | VANTOR_B140001100B5C810_20260629 | VANTOR_B140001100B5C710_20260629 | COPERNICUS_GEOEYE1_20260705,pending,,
23,aoi12_r020_c110,10.61853353,-66.84476319,possible_response_signal,0.65,high,2026-06-26T15:10:00Z,2025-11-03/2026-03-21/2026-04-07,large-scale rubble and debris in the waterfront area | excavator/loader visible at the site of destruction | temporary staging of materials on the ground | organized material piles along the road,"significant structural damage and debris appear post-event, with machinery present in the affected zone","The pre-event image shows an intact built environment with no visible construction or response activity. The June 26 image reveals extensive rubble and collapsed structures along the waterfront, accompanied by heavy machinery consistent with emergency clearance operations. The June 29 images confirm continued activity with additional equipment and organized material staging. No response assets are visible in the July 5 image, but this does not negate earlier observations. Cloud cover or sensor differences do not prevent identification of key changes.",good,good,"Minor alignment discrepancies between sensors; slight differences in view angle and resolution between June 29 images could affect confidence, though core evidence remains consistent.",likely_response_signal,0.8,large organized gathering near the center of the grid cell | temporary tents or structures set up near the gathering area,VANTOR_PRE_EVENT_MOSAIC | COPERNICUS_LEGION_20260626 | VANTOR_B140001100B5C810_20260629 | VANTOR_B140001100B5C710_20260629 | COPERNICUS_GEOEYE1_20260705,pending,,
24,aoi12_r006_c021,10.58762934,-67.04463834,possible_response_signal,0.65,medium,2026-06-26T15:10:00Z,2025-11-03/2026-03-21/2026-04-07,temporary flat-roofed structure on cleared ground | small white rectangular objects resembling tents or shelters | concentrated activity near central clearing | possible vehicle or equipment presence in cleared area,increased human activity and temporary structures visible post-event compared to pre-event image,"In the pre-event image (2025-11-03/2026-03-21/2026-04-07), the site shows natural terrain with dirt roads and no clear signs of organized activity. In the June 26 image, a cleared area appears with what resembles temporary shelter-like structures and possible vehicles, consistent with emergency response staging. The July 5 image confirms persistence of these features. No large-scale construction or heavy machinery is visible, but the presence of temporary structures and concentrated use indicates potential response activity.",good,good,Slight differences in sensor resolution and viewing angle between images make definitive identification challenging; absence of high-resolution imagery from the immediate aftermath limits confidence in early detection.,likely_response_signal,0.85,excavators | loaders | trucks | temporary structures | organized material staging,VANTOR_PRE_EVENT_MOSAIC | COPERNICUS_LEGION_20260626 | COPERNICUS_GEOEYE1_20260705,pending,,
25,aoi12_r007_c022,10.58983689,-67.04239255,possible_response_signal,0.65,medium,2026-06-26T15:10:00Z,2025-11-03/2026-03-21/2026-04-07,"large temporary white tent structures near central compound | organized material staging area with stacked items in lower-left | additional vehicles and equipment in lower-left yard, possibly emergency or logistics",increase in temporary structures and organized activity post-event,Post-event image (2026-06-26) shows new white tents and a more organized staging area not visible in pre-event image. These features are consistent with response operations. The July 5 image confirms persistence but does not establish first arrival. No definitive construction equipment or large-scale road-clearance activity is visible.,good,good,Image resolution and sensor differences limit confidence; some observed changes could be pre-existing site activities; no clear evidence of emergency vehicles or personnel.,likely_response_signal,0.85,excavators | loaders | trucks | temporary structures | organized material staging,VANTOR_PRE_EVENT_MOSAIC | COPERNICUS_LEGION_20260626 | COPERNICUS_GEOEYE1_20260705,pending,,
26,aoi12_r011_c035,10.59866691,-67.0131973,possible_response_signal,0.65,medium,2026-06-26T15:10:00Z,2025-11-03/2026-03-21/2026-04-07,large aircraft on tarmac at airfield | red emergency vehicle near buildings | mobile crane or heavy equipment near industrial area,presence of large aircraft and emergency vehicle not visible in pre-event image,"In the post-event images from June 26 and June 27, a large aircraft is visible on the airfield, which was not present in the pre-event mosaic. Additionally, a red emergency vehicle and what appears to be a mobile crane are visible near the industrial complex, suggesting possible response activity. The July 5 image shows no new assets but confirms persistence of some elements. No definitive evidence of road clearing, temporary shelters, or organized material staging is visible.",good,good,Limited resolution and sensor differences make definitive identification of smaller response assets difficult; cloud cover in some scenes may obscure details.,possible_response_signal,0.6,possible presence of excavators or loaders near the green-roofed building,VANTOR_PRE_EVENT_MOSAIC | COPERNICUS_LEGION_20260626 | VANTOR_B15000110186C610_20260627 | COPERNICUS_GEOEYE1_20260705,pending,,
27,aoi12_r012_c023,10.60087438,-67.04014676,possible_response_signal,0.65,medium,2026-06-26T15:10:00Z,2025-11-03/2026-03-21/2026-04-07,temporary white tents or shelters near the waterfront area | increased vehicle density on roads adjacent to the main complex | organized material staging and debris piles in open areas | presence of large trucks and possibly heavy equipment near the site,"visible increase in temporary structures, vehicles, and activity between pre-event and post-event images","In the June 26 image, temporary white structures appear near the coast and additional vehicles are present compared to the pre-event image. By June 27, these structures are more clearly visible with associated activity. The July 5 image shows persistence but does not establish first arrival. No response assets are visible in the pre-event mosaic.",good,good,Image resolution and sensor differences limit definitive identification; some features could be non-response-related activity; cloud cover in later scenes may affect assessment.,likely_response_signal,0.8,organized material staging areas | large organized gatherings compatible with a shelter or collection point,VANTOR_PRE_EVENT_MOSAIC | COPERNICUS_LEGION_20260626 | VANTOR_B15000110186C610_20260627 | COPERNICUS_GEOEYE1_20260705,pending,,
28,aoi12_r012_c027,10.60087438,-67.03116361,possible_response_signal,0.65,medium,2026-06-26T15:10:00Z,2025-11-03/2026-03-21/2026-04-07,large white trucks and trailers parked near road in central area | organized material pile on ground adjacent to buildings | temporary structure or tent-like object near left edge of image,presence of large vehicles and material staging not visible in pre-event image,"In the post-event images from June 26 and June 27, multiple large white trucks/trailers are visible in a parking area near the center of the grid cell, which is not present in the pre-event mosaic. A pile of materials and a temporary structure also appear in the post-event imagery. The July 5 image shows similar conditions, indicating persistence. However, due to image resolution and potential cloud cover in some scenes, the evidence is not definitive.",good,good,Image quality and alignment differences between sensors (Legion vs LG05 vs GeoEye-1) limit confidence; some features may be artifacts or non-response-related objects.,possible_response_signal,0.6,small groups of vehicles near the open area | possible organized gathering near the open area,VANTOR_PRE_EVENT_MOSAIC | COPERNICUS_LEGION_20260626 | VANTOR_B15000110186C610_20260627 | COPERNICUS_GEOEYE1_20260705,pending,,
29,aoi12_r012_c031,10.60087438,-67.02218045,possible_response_signal,0.65,medium,2026-06-26T15:10:00Z,2025-11-03/2026-03-21/2026-04-07,large temporary blue-roofed structure near highway overpass | organized material staging area adjacent to the blue structure | road clearance activity on highway and access roads | presence of heavy machinery (excavator or loader) near site | increased vehicle traffic on highway compared to pre-event,significant change in use of open space and increased activity post-earthquake,"Post-event images show a large temporary shelter-like structure with blue roofing, organized material staging, and active road clearing, consistent with emergency response. These features are absent in the pre-event mosaic. The change is evident from June 26 onward, though the July 5 image shows persistence but not first arrival.",good,good,Sensor differences and potential cloud cover may affect visibility; no clear evidence of response assets in the July 5 image to confirm continuity beyond initial detection.,likely_response_signal,0.8,large excavator/loader near the center of the scene | organized material staging area adjacent to the excavator,VANTOR_PRE_EVENT_MOSAIC | COPERNICUS_LEGION_20260626 | VANTOR_B15000110186C610_20260627 | COPERNICUS_GEOEYE1_20260705,pending,,
30,aoi12_r012_c041,10.60087438,-66.99972257,possible_response_signal,0.65,medium,2026-06-26T15:10:00Z,2025-11-03/2026-03-21/2026-04-07,two small aircraft parked on tarmac | a dark vehicle near the aircraft,presence of two aircraft and a vehicle not visible in pre-event image,"Two small aircraft and a dark vehicle are visible in the June 26 and June 27 images but not in the pre-event mosaic. The aircraft are stationary, consistent with emergency response staging or transport. The July 5 image is obscured by haze, preventing assessment of persistence. No other response assets (e.g., heavy machinery, tents, personnel) are visible.",good,good,The images differ in sensor and resolution; the post-event images show the same scene from different angles and with varying clarity. The presence of aircraft could be routine activity rather than response-related. The July 5 image is too degraded to confirm continuity.,possible_response_signal,0.6,two aircraft-like objects on the tarmac,VANTOR_PRE_EVENT_MOSAIC | COPERNICUS_LEGION_20260626 | VANTOR_B15000110186C610_20260627 | COPERNICUS_GEOEYE1_20260705,pending,,
31,aoi12_r013_c070,10.60308183,-66.93459471,possible_response_signal,0.65,medium,2026-06-29T14:09:55Z,2025-11-03/2026-03-21/2026-04-07,"large temporary white tents or shelters near port area | organized material staging with piles of debris and supplies | multiple trucks and vehicles in port area, including what appear to be emergency response units | excavator or crane-like equipment near damaged structures",significant increase in temporary structures and organized activity compared to pre-event image,"In the June 29 image, there is visible evidence of organized response activity including temporary shelters, staged materials, and heavy machinery not present in the pre-event mosaic. The June 26 image shows similar features but with lower clarity. The July 5 image is obscured by cloud cover, preventing confirmation. No response assets are visible in the pre-event reference.",good,good,"The June 29 image shows clear signs of response activity, but the sensor differs from the pre-event mosaic (LG04 vs Vantor mosaic), and the June 26 image has lower resolution. The July 5 image is unusable due to cloud cover, so persistence cannot be confirmed. There is potential for misclassification due to sensor differences and alignment uncertainty.",possible_response_signal,0.6,organized material staging area | temporary structures or tents,VANTOR_PRE_EVENT_MOSAIC | COPERNICUS_LEGION_20260626 | VANTOR_B140001100B5C810_20260629 | COPERNICUS_GEOEYE1_20260705,pending,,
32,aoi12_r013_c073,10.60308183,-66.92785735,possible_response_signal,0.65,medium,2026-06-29T14:09:55Z,2025-11-03/2026-03-21/2026-04-07,temporary white tents or shelters in the parking lot area | small vehicles near the temporary structures,"presence of temporary white tents/shelters and associated vehicles in the parking lot area, not visible in pre-event image","The pre-event image (2025-11-03/2026-03-21/2026-04-07) shows a vacant parking lot with no temporary structures. The June 26 image is too cloudy to confirm absence. The June 29 image clearly shows multiple white temporary tents/shelters and associated vehicles in the parking lot area, consistent with an emergency response setup. The July 5 image confirms the persistence of these assets.",good,good,The June 26 image is heavily clouded and cannot be used for reliable comparison; the change is only confirmed by the June 29 image. There is also some ambiguity regarding the exact nature of the small vehicles.,likely_response_signal,0.8,temporary tents or structures near the coast,VANTOR_PRE_EVENT_MOSAIC | COPERNICUS_LEGION_20260626 | VANTOR_B140001100B5C810_20260629 | COPERNICUS_GEOEYE1_20260705,pending,,
33,aoi12_r013_c076,10.60308183,-66.92111998,possible_response_signal,0.65,medium,2026-06-26T15:10:00Z,2025-11-03/2026-03-21/2026-04-07,large pile of debris and rubble near central road intersection | temporary white tents or shelters near lower-left edge | cluster of vehicles including trucks and emergency-style vehicles along main road | organized material staging area with stacked items in middle-right | visible excavator or heavy machinery near central buildings,"significant change in debris layout, appearance of temporary structures, and increased vehicle density post-event","Post-event images show new debris piles, temporary shelters, and increased vehicle activity not present in the pre-event mosaic. The June 29 image shows similar features but is less clear due to possible cloud cover, making early confirmation uncertain. No response assets are visible in the pre-event image.",good,good,Cloud cover and resolution differences between June 29 and June 26 images limit confidence in detecting all response activities; some observed features may be ambiguous.,likely_response_signal,0.8,large organized gathering near the center of the image | temporary tents or structures set up in open areas,VANTOR_PRE_EVENT_MOSAIC | COPERNICUS_LEGION_20260626 | VANTOR_B140001100B5C810_20260629 | COPERNICUS_GEOEYE1_20260705,pending,,
34,aoi12_r014_c030,10.60528926,-67.02442624,possible_response_signal,0.65,medium,2026-06-26T15:10:00Z,2025-11-03/2026-03-21/2026-04-07,large pile of debris and rubble on the right side of the image | temporary tents or shelters near the central sports court | organized material staging area with various supplies | small groups of people gathered in the middle-right area | visible damage to roads and infrastructure,"significant changes from pre-event to post-event images, including new debris piles, temporary structures, and signs of organized activity",The June 26 image shows a large amount of debris and temporary shelters not present in the pre-event image. The June 27 image confirms the persistence of these elements. The July 5 image is too low-resolution to confirm ongoing response activities.,good,good,The July 5 image is of insufficient quality to determine if response activities are still ongoing. There is some uncertainty due to differences in sensor resolution and potential cloud cover.,likely_response_signal,0.8,large organized gathering near the bottom left corner | possible temporary structures or tents near the bottom left corner,VANTOR_PRE_EVENT_MOSAIC | COPERNICUS_LEGION_20260626 | VANTOR_B15000110186C610_20260627 | COPERNICUS_GEOEYE1_20260705,pending,,
35,aoi12_r014_c084,10.60528926,-66.90315368,possible_response_signal,0.65,medium,2026-06-29T14:09:55Z,2026-06-26T15:10:00Z,rows of orange temporary tents or shelters on the left side of the image | organized material staging in dark-colored piles near the center-left,"presence of temporary shelters and organized material staging visible on June 29, not present in the June 26 image",The June 26 image shows a parking lot and recreational area with no response assets. The June 29 image shows multiple orange temporary tents and organized dark material piles consistent with emergency supply staging. The July 5 image is blank/invalid and cannot be used for confirmation. The change between June 26 and June 29 indicates a potential response activity onset.,good,good,"Image 3 (July 5) is completely white/blank, preventing verification of persistence. Sensor differences (Legion vs LG04) may affect visibility, but alignment quality is good. No pre-event reference is provided to confirm baseline presence.",likely_response_signal,0.8,orange temporary tents or structures | organized material staging areas | large organized gathering of vehicles,COPERNICUS_LEGION_20260626 | VANTOR_B140001100B5C810_20260629 | COPERNICUS_GEOEYE1_20260705,pending,,
36,aoi12_r015_c027,10.60749668,-67.03116361,possible_response_signal,0.65,medium,2026-06-26T15:10:00Z,2025-11-03/2026-03-21/2026-04-07,large white temporary tent or canopy structure near center-right | cluster of red and white vehicles in central area | smaller temporary structures or shelters near bottom-center | organized material staging or debris clearing in central area,emergence of temporary structures and vehicle clusters post-event,"A large white temporary tent or canopy appears in the June 26 image, not visible in the pre-event mosaic. A cluster of red and white vehicles is present in the June 26 image but not clearly discernible in the pre-event image. These features are consistent with emergency response activities. The July 5 image shows persistence of these elements. No clear evidence of response assets in the pre-event image supports their post-event emergence.",good,good,Different sensors and resolution between images limit definitive assessment; some features like temporary tents could be commercial or construction-related.,possible_response_signal,0.6,possible presence of organized material staging areas | potential temporary structures or tents,VANTOR_PRE_EVENT_MOSAIC | COPERNICUS_LEGION_20260626 | VANTOR_B15000110186C610_20260627 | COPERNICUS_GEOEYE1_20260705,pending,,
37,aoi12_r015_c028,10.60749668,-67.02891782,possible_response_signal,0.65,medium,2026-06-26T15:10:00Z,2025-11-03/2026-03-21/2026-04-07,large-scale rubble and debris in residential areas | organized material staging near damaged buildings | temporary white tent structure on open ground | road clearance activity indicated by cleared pathways,"significant destruction and debris accumulation post-event, with evidence of organized recovery efforts","Post-event images show widespread structural damage and rubble not present in the pre-event mosaic. A temporary white tent is visible in the June 26 and June 27 images, indicating a possible shelter or collection point. Material staging and cleared roads suggest ongoing response operations. The July 5 image shows persistence of these features but does not establish first arrival.",good,good,Cloud cover and sensor differences in the July 5 image limit confidence in persistent signal; alignment between sensors is good but not perfect.,possible_response_signal,0.6,large organized gathering near the open area | possible temporary structures or tents in the open area,VANTOR_PRE_EVENT_MOSAIC | COPERNICUS_LEGION_20260626 | VANTOR_B15000110186C610_20260627 | COPERNICUS_GEOEYE1_20260705,pending,,
38,aoi12_r015_c050,10.60749668,-66.97951048,possible_response_signal,0.65,medium,2026-06-26T15:10:00Z,2025-11-03/2026-03-21/2026-04-07,temporary tents or shelters near the beach | organized material staging on the beach | mobile response vehicles along the coastal road | large gathering of people near the shoreline,visible changes in asset presence and organization between pre-event and post-event images,"The pre-event image shows no temporary structures or organized gatherings. The June 26 image reveals multiple temporary tents, material staging, and vehicle clusters along the coast, consistent with emergency response activities. These features are not visible in the pre-event reference but appear in the first post-event image. The June 27 image shows similar activity, confirming persistence. The July 5 image is obscured by cloud cover and cannot be used for confirmation.",good,good,"The July 5 image is completely obscured by cloud cover, preventing assessment of persistence. While the June 26 and 27 images show evidence of response, the sensor differences (Legion vs LG05) and potential misalignment introduce uncertainty in exact asset identification.",likely_response_signal,0.8,large organized gathering near the beach | temporary tents or structures near the beach,VANTOR_PRE_EVENT_MOSAIC | COPERNICUS_LEGION_20260626 | VANTOR_B15000110186C610_20260627 | COPERNICUS_GEOEYE1_20260705,pending,,
39,aoi12_r017_c112,10.61191147,-66.84027161,possible_response_signal,0.65,medium,2026-06-26T15:10:00Z,2025-11-03/2026-03-21/2026-04-07,large pile of debris and rubble near road in central area | temporary structures or tents near central buildings | organized staging of materials on cleared ground | multiple vehicles including trucks and possibly emergency vehicles along road,"significant change from pre-event to post-event images: presence of rubble, temporary structures, and organized activity not seen in pre-event mosaic","Pre-event image shows intact structures and no visible response assets. Post-event images (June 26) show extensive rubble, temporary shelters, and vehicle clusters consistent with emergency response. June 29 images confirm persistence. July 5 image is too low resolution for asset confirmation but does not contradict earlier findings.",good,good,Disagreement between two June 29 images due to sensor differences and cloud cover; some features are ambiguous. Response signals are present but not definitively identifiable as official response equipment.,likely_response_signal,0.8,multiple vehicles including what appear to be trucks and possibly other response-compatible vehicles near the central building complex | organized material staging areas adjacent to the central building complex,VANTOR_PRE_EVENT_MOSAIC | COPERNICUS_LEGION_20260626 | VANTOR_B140001100B5C810_20260629 | VANTOR_B140001100B5C710_20260629 | COPERNICUS_GEOEYE1_20260705,pending,,
40,aoi12_r018_c110,10.61411884,-66.84476319,possible_response_signal,0.65,medium,2026-06-29T14:09:55Z,2025-11-03/2026-03-21/2026-04-07,temporary shelters or tents in open field | organized material staging areas | small vehicles including trucks and vans near temporary structures | large flat cleared area with multiple dark rectangular objects (possibly containers or equipment),visible changes in land use and presence of temporary structures between pre-event and post-event images,"In the pre-event image (2025-11-03), the site shows natural terrain with trees and unpaved ground. In the June 26 image, there are no visible signs of response activity. By June 29, two images show a large cleared area with what appear to be temporary shelters, organized material piles, and several vehicles consistent with emergency operations. The July 5 image shows continued presence of these elements, suggesting persistence. However, due to slight differences between the two June 29 images (sensor angle/resolution), confidence is not maximal. No permanent industrial equipment or vehicles are visible in the pre-event image, so the observed items are likely new.",good,good,Disagreement between the two June 29 images regarding exact object visibility and resolution limits; cannot definitively confirm first arrival within 72 hours of event.,likely_response_signal,0.8,organized material staging areas | temporary structures resembling tents,VANTOR_PRE_EVENT_MOSAIC | COPERNICUS_LEGION_20260626 | VANTOR_B140001100B5C810_20260629 | VANTOR_B140001100B5C710_20260629 | COPERNICUS_GEOEYE1_20260705,pending,,
41,aoi12_r019_c103,10.61632619,-66.8604837,possible_response_signal,0.65,medium,2026-06-29T14:09:55Z,2026-06-26T15:10:00Z,large temporary white tents set up in the parking area near the curved road | organized rows of orange and blue portable seating or containers on the sports field | increased vehicle density along the main road and in the parking area | temporary structures and equipment near the large building with a white roof,"significant change between June 26 and June 29; new temporary structures, organized material staging, and increased vehicles appear by June 29.","The June 26 image shows no temporary structures or organized staging areas. The June 29 image clearly shows multiple white tents and organized material stacks (orange/blue units) not present before. The July 5 image is unusable due to cloud cover and cannot be used for confirmation. While some assets may be pre-existing, their arrangement and quantity suggest a response activity deployment.",good,good,"The July 5 image is completely obscured by clouds, preventing assessment of persistence. Alignment between sensors is good but slight differences in resolution and angle make fine-detail comparison challenging. Some observed items could be event-related logistics rather than emergency response.",likely_response_signal,0.9,organized material staging area with multiple tents | large number of vehicles consistent with response logistics,COPERNICUS_LEGION_20260626 | VANTOR_B140001100B5C810_20260629 | COPERNICUS_GEOEYE1_20260705,pending,,
42,aoi12_r019_c107,10.61632619,-66.85150055,possible_response_signal,0.65,medium,2026-06-26T15:10:00Z,2025-11-03/2026-03-21/2026-04-07,Group of white and dark vehicles parked on a dirt field | Small orange excavator or loader near the vehicle group | Possible temporary structures or tents near the building complex,"Vehicle group appears in post-event images on June 26 and 29, absent in pre-event image.","A cluster of vehicles (likely response or logistics) is visible on a cleared dirt field in the June 26 image, which is not present in the pre-event mosaic. The same location in the June 29 images shows similar activity, with an excavator also visible. No such asset is seen in the pre-event reference. The July 5 image is too low-resolution to confirm persistence. While the vehicle grouping could be non-response related, its sudden appearance after the event and presence of heavy machinery suggest possible emergency response activity.",good,good,"The June 29 images show some discrepancy in coverage and cloud cover; the second June 29 image has a large black border, reducing confidence in direct comparison. The vehicle grouping may be ambiguous without ground truth.",possible_response_signal,0.6,organized material staging area near the open dirt lot | increased vehicle presence around the open dirt lot,VANTOR_PRE_EVENT_MOSAIC | COPERNICUS_LEGION_20260626 | VANTOR_B140001100B5C810_20260629 | VANTOR_B140001100B5C710_20260629 | COPERNICUS_GEOEYE1_20260705,pending,,
43,aoi12_r020_c107,10.61853353,-66.85150055,possible_response_signal,0.65,medium,2026-06-26T15:10:00Z,2025-11-03/2026-03-21/2026-04-07,large debris field and collapsed structures in central area | muddy water or sediment flow through channel under bridge | temporary tent-like structures on green field | organized material staging near debris zone | vehicle traffic congestion on road above bridge,significant structural damage and debris accumulation post-event,"Post-event images show extensive destruction, including a large debris field and muddy flow under the bridge, consistent with earthquake impact. Temporary structures and organized material staging appear on the green field, suggesting emergency response activities. These features are absent in the pre-event mosaic. The June 29 images confirm persistence of damage and ongoing activity, but do not establish first arrival. The July 5 image shows no new visible assets.",good,good,Disagreement between June 29 LG04 scenes due to partial coverage and cloud; cannot definitively attribute all observed changes to response versus damage alone.,likely_response_signal,0.8,large organized gathering near the green court area | possible temporary structures or tents in the open area,VANTOR_PRE_EVENT_MOSAIC | COPERNICUS_LEGION_20260626 | VANTOR_B140001100B5C810_20260629 | VANTOR_B140001100B5C710_20260629 | COPERNICUS_GEOEYE1_20260705,pending,,
44,aoi12_r020_c108,10.61853353,-66.84925476,possible_response_signal,0.65,medium,2026-06-26T15:10:00Z,2025-11-03/2026-03-21/2026-04-07,large debris field covering former building footprint | temporary material staging and scattered rubble across site | organized vehicle clusters along roadways near damaged area | small temporary structures or shelters in surrounding neighborhood,significant structural collapse from pre-event to post-event images,"Post-event images show widespread destruction of buildings, consistent with earthquake damage. On June 26, there are visible clusters of vehicles along roads adjacent to the collapsed zone, including some that resemble emergency or logistics convoys. No heavy machinery (excavators, cranes) is clearly visible. The debris field persists through June 29, but no clear response assets like tents, large medical units, or organized teams are evident. The July 5 image shows continued presence of debris and some activity, but no definitive response infrastructure. Comparison between June 29 images is inconclusive due to similar sensor and conditions, so no change is confirmed. Response signal is possible but not conclusive.",good,good,Limited resolution and cloud cover in some scenes prevent definitive identification of response assets; observed changes are primarily structural damage rather than active response operations.,likely_response_signal,0.8,"large organized gathering near the center of the grid cell | several large vehicles consistent with response assets (dump trucks, excavators) near the organized gathering",VANTOR_PRE_EVENT_MOSAIC | COPERNICUS_LEGION_20260626 | VANTOR_B140001100B5C810_20260629 | VANTOR_B140001100B5C710_20260629 | COPERNICUS_GEOEYE1_20260705,pending,,
45,aoi12_r014_c038,10.60528926,-67.00645994,possible_response_signal,0.6,medium,2026-06-26T15:10:00Z,2025-11-03/2026-03-21/2026-04-07,small construction vehicle visible in upper left corner | temporary material staging area near road intersection,increase in activity at the site between pre-event and post-event images,"The image from June 26 shows a small construction vehicle and temporary material staging that were not present in the pre-event mosaic. These assets are consistent with early response or recovery activities. The July 5 image is obscured by cloud cover, preventing confirmation of persistence.",good,good,Cloud cover in the final image prevents assessment of persistence; alignment between sensors may introduce minor geometric uncertainty.,possible_response_signal,0.6,excavator/loader near the top left corner,VANTOR_PRE_EVENT_MOSAIC | COPERNICUS_LEGION_20260626 | VANTOR_B15000110186C610_20260627 | COPERNICUS_GEOEYE1_20260705,pending,,
46,aoi12_r015_c049,10.60749668,-66.98175627,possible_response_signal,0.6,medium,2026-06-26T15:10:00Z,2025-11-03/2026-03-21/2026-04-07,small vehicles and temporary structures near the highway on June 26 | increased vehicle activity and possible material staging along the road on June 27,increased activity and potential temporary setup near the highway in post-event images compared to pre-event,"In the pre-event image, the area is relatively static with no visible response assets. In the June 26 image, there are small vehicles and temporary structures near the highway, suggesting initial response activity. The June 27 image shows continued presence of vehicles and possible material staging. The July 5 image is too obscured for reliable assessment. No definitive emergency response equipment (e.g., excavators, ambulances) is visible.",good,good,The images differ in sensor and resolution; cloud cover and viewing angle affect visibility. The observed changes could be due to non-response activity such as regular traffic or construction. No clear emergency response equipment is visible.,likely_response_signal,0.8,large organized gathering near the center of the grid cell | temporary tents or structures visible near the gathering area,VANTOR_PRE_EVENT_MOSAIC | COPERNICUS_LEGION_20260626 | VANTOR_B15000110186C610_20260627 | COPERNICUS_GEOEYE1_20260705,pending,,
