old_id,new_id,old_index,new_index,old_damage_gra,new_damage_gra,old_damage_percent,new_damage_percent,old_geometry_hash,new_geometry_hash,iou,overlap_m2,centroid_distance_m,old_area_m2,new_area_m2,area_ratio,old_centroid_lat,old_centroid_lon,new_centroid_lat,new_centroid_lon,has_before_after_vlm,vlm_reuse_eligible,remap_action,notes
ems_00001,aoi12_v2_00001,1,1,Possibly damaged,Possibly damaged,35,35,cda8f5fb0746854ec1755925f51f72be7c8ae403109b6b69df05d25f60b0b864,1d1566c4b83a78bc8f2f9b5e5f263b82ba2862f2417e0bfc3d41726f85d25513,1.0,19504.145,0.0,19504.145,19504.145,1.0,10.584228947201945,-67.08351862028094,10.584228947201945,-67.08351862028094,True,True,reuse_geometry_minor_change,Geometry drift is below reuse threshold.
ems_00002,aoi12_v2_00003,2,3,Possibly damaged,Possibly damaged,35,35,4a8da8ea659c82beee63762131ff8492e1ac0bb2b1f213cd1a1866e33a02dd56,6b9f4f9020bdf122aca6d7006e1f9298de20b468ffcdafe5acc583e2d400bee3,1.0,74743.684,0.0,74743.684,74743.684,1.0,10.589473881752264,-67.05064221504308,10.589473881752264,-67.05064221504308,True,True,reuse_geometry_minor_change,Geometry drift is below reuse threshold.
ems_00003,aoi12_v2_00006,3,6,Damaged,Damaged,70,70,57061b03586a90c431a348010658f27a9d693e9f9116d82e6008b413ed04188a,8936c92634843859ca17f7a242910d3247de9a00a418f26bec20988eec99c9dd,1.0,6914.949,0.0,6914.949,6914.949,1.0,10.601853180940667,-67.03131461298214,10.601853180940667,-67.03131461298214,True,True,reuse_geometry_minor_change,Geometry drift is below reuse threshold.
ems_00004,aoi12_v2_00008,4,8,Damaged,Damaged,70,70,8d6e1fe86b0d8f1980f24631ac723c3db2fa6b4bea3675af10e7bb181bcf42f7,e30f4f5bab72bca67f93bebaa0c1c5b0b5e3532b5a1e99569bca3ea4cf373a7f,1.0,5347.587,0.0,5347.587,5347.587,1.0,10.602177776205584,-67.02997630491126,10.602177776205584,-67.02997630491126,True,True,reuse_geometry_minor_change,Geometry drift is below reuse threshold.
ems_00005,aoi12_v2_00014,5,14,Possibly damaged,Possibly damaged,35,35,26a72722c37170092fdd21a2fbc15161804f6d9ffdbe3767d5a492e803f04525,7ded0ad71a7e57f46aa6f1b58728eba0a3dae2805d39b1cd5682edff37a07bc2,1.0,7842.029,0.0,7842.029,7842.029,1.0,10.602353711264984,-67.02463527738031,10.602353711264984,-67.02463527738031,True,True,reuse_geometry_minor_change,Geometry drift is below reuse threshold.
ems_00006,aoi12_v2_00009,6,9,Damaged,Damaged,70,70,46c4926d41b9b64223b51293ca0885fb1ab2dfbb9404ee23b38e494d9d23fc42,9da8de02755bc53a8abb0ea8a00737b0eae40df1e173b266a76cf115353e5d80,1.0,8771.728,0.0,8771.728,8771.728,1.0,10.602848724061703,-67.03043085093012,10.602848724061703,-67.03043085093012,True,True,reuse_geometry_minor_change,Geometry drift is below reuse threshold.
ems_00007,aoi12_v2_00010,7,10,Damaged,Damaged,70,70,04b50aa5d3d519a6799389073e7fcae5df27001dee83336b30ab6f4584b5a7a9,59beded47d7992ba933feecef1974b83156771ea8619ae24be26e0868ddcd803,1.0,9456.189,0.0,9456.189,9456.189,1.0,10.603000984366641,-67.02962615502722,10.603000984366641,-67.02962615502722,True,True,reuse_geometry_minor_change,Geometry drift is below reuse threshold.
ems_00008,aoi12_v2_00017,8,17,Damaged,Damaged,70,70,ae66f0398bb19fd7f80d71783395a85ec8a8a3ee24a8ee83f53342bf1ff12630,7ffe8f9537455bbb52800806ec11eb2d5aae1f798d4ba5b20c153c91ea4f9d48,1.0,7022.387,0.0,7022.387,7022.387,1.0,10.603054412452506,-67.02652555545997,10.603054412452506,-67.02652555545997,True,True,reuse_geometry_minor_change,Geometry drift is below reuse threshold.
ems_00009,aoi12_v2_00018,9,18,Damaged,Damaged,70,70,97738b27e8441cdf8d9713cf87d14ec1f623bc20ed69f77bd5961fd8d581b094,b51d714d45883838082d4558fa5636521f52c3018514759a0a5827a97468b833,1.0,7277.815,0.0,7277.815,7277.815,1.0,10.603483200315148,-67.02779386363517,10.603483200315148,-67.02779386363517,True,True,reuse_geometry_minor_change,Geometry drift is below reuse threshold.
ems_00010,aoi12_v2_00021,10,21,Damaged,Damaged,70,70,ac7f4f55b87d23682a0bfa194ce4c8b931c8835f9ae99d318fbb734a362a33a9,390f133a6621f99f0769cf63f36b541edb62137b083e20298851a66214b171c4,1.0,4808.686,0.0,4808.686,4808.686,1.0,10.603642664034444,-67.0300214833107,10.603642664034444,-67.0300214833107,True,True,reuse_geometry_minor_change,Geometry drift is below reuse threshold.
ems_00011,aoi12_v2_00019,11,19,Damaged,Damaged,70,70,0156e7eb9939becbc11bf9bba1b1f94aacba24e37bb5272a5f6b871ed2930036,86e090d01e6af631b90d1ad4e74b8bbc1b254161d5960c20429f9bbc9bbfeba0,1.0,203539.194,0.0,203539.194,203539.194,1.0,10.60490767319944,-67.0220977731317,10.60490767319944,-67.0220977731317,True,True,reuse_geometry_minor_change,Geometry drift is below reuse threshold.
ems_00012,aoi12_v2_00020,12,20,Damaged,Damaged,70,70,c7cd4ed3828b1f9d0951a6eeb59d64436fc1f65c3f91391c64d90731d09accb8,ffc3bf61a9be3cfe609f4ed845e17354e9b0febb52943dbd877c634a4199dc19,1.0,11206.503,0.0,11206.503,11206.503,1.0,10.606029423120768,-67.02170294427097,10.606029423120768,-67.02170294427097,True,True,reuse_geometry_minor_change,Geometry drift is below reuse threshold.
ems_00013,aoi12_v2_00041,13,41,Damaged,Damaged,70,70,88f1ebc44e53cbb5f0346a6bb114a48f65f2699dfd1688624005995c409bc6d2,47e8553fb702a5d83376205c569756a4c9d499bcbfa9cac1b53f858e346620d2,1.0,27783.29,0.0,27783.29,27783.29,1.0,10.60605656206827,-67.0230956099657,10.60605656206827,-67.0230956099657,True,True,reuse_geometry_minor_change,Geometry drift is below reuse threshold.
ems_00014,aoi12_v2_00043,14,43,Damaged,Damaged,70,70,4d6e8c7b6859ec9d4c9619ba1817608116d74838c59194dc5b31ec65eae94855,e98faa08a140fceb710795ef4a62021421d0c69df1fbd43ad465cf4c1aa28849,1.0,19507.632,0.0,19507.632,19507.632,1.0,10.606415695766664,-67.02084941049914,10.606415695766664,-67.02084941049914,True,True,reuse_geometry_minor_change,Geometry drift is below reuse threshold.
ems_00015,aoi12_v2_00044,15,44,Damaged,Damaged,70,70,33ad8bbf6e3231752daad2078e88fc0ae189180c6137a4a4c9dc10e14543d19a,908589188e93abb0a1d9f9ac425e0a74fb21fc11aadb30ed24b3b0feea39ac6e,1.0,5214.094,0.0,5214.094,5214.094,1.0,10.607032310224275,-67.0217346844302,10.607032310224275,-67.0217346844302,True,True,reuse_geometry_minor_change,Geometry drift is below reuse threshold.
ems_00016,aoi12_v2_00045,16,45,Damaged,Damaged,70,70,8a683421de33a7b7e8177d0bc14a8df7680b82dc244ae5e3da1f1977afb21f1f,cf157eeac3e263bfbf5d5009ab2debea994b9aa06b6e09e33eafcce11857dc25,1.0,15012.506,0.0,15012.506,15012.506,1.0,10.607123379742212,-67.01885055382837,10.607123379742212,-67.01885055382837,True,True,reuse_geometry_minor_change,Geometry drift is below reuse threshold.
ems_00017,aoi12_v2_00048,17,48,Damaged,Damaged,70,70,9900a86f0224c996f08608916d56563d4df991b7c69fca39c89232dfe2f65899,15b1eb546e76b398d2ed476d6eddfd446ad7ea03756a0918ebb7b89b067b8702,1.0,7706.304,0.0,7706.304,7706.304,1.0,10.607315336044735,-67.01587814639706,10.607315336044735,-67.01587814639706,True,True,reuse_geometry_minor_change,Geometry drift is below reuse threshold.
ems_00018,aoi12_v2_00049,18,49,Possibly damaged,Possibly damaged,35,35,9a85ebcff1aed9e7b816140856b805167ffc7cc130aef19fb7fa2bd423c2d90d,90901efd4bad9901066b756b482bc88b91b65b3a4742c7c6b47355e6b6f9fd33,1.0,15317.667,0.0,15317.667,15317.667,1.0,10.607965758188639,-67.01886017730195,10.607965758188639,-67.01886017730195,True,True,reuse_geometry_minor_change,Geometry drift is below reuse threshold.
ems_00019,aoi12_v2_00053,19,53,Damaged,Damaged,70,70,ffd685c3dbd5e915f1d1328c3b5c851b0fb0971bb7b135e944aa83b28228fd2c,185e90b3938af0908cd6a7a101ecd328b3a570fd375341b43899854828871013,1.0,139426.554,0.0,139426.554,139426.554,1.0,10.608307570467728,-67.00747197314834,10.608307570467728,-67.00747197314834,True,True,reuse_geometry_minor_change,Geometry drift is below reuse threshold.
ems_00020,aoi12_v2_00061,20,61,Damaged,Damaged,70,70,7b2df39e615cf4fd66f8398c860fdeea9b781517b593c2ac4efc523f60db48d6,2cf59b7e42ea5c5509bcb3f4389b788dd9e4efe0c1b0fcd823928589d53b0b62,1.0,34996.083,0.0,34996.083,34996.083,1.0,10.608112368007511,-67.02268119932339,10.608112368007511,-67.02268119932339,True,True,reuse_geometry_minor_change,Geometry drift is below reuse threshold.
ems_00021,aoi12_v2_00022,21,22,Damaged,Damaged,70,70,c4953892546c7ae14d67d4498e1c89b956b50c44894cb4c5cf60cba4d049b2ee,6d8a1cb16af88353d9a5c691ee7763d9abc82b1fad19e57c022dd8e90e6fa535,1.0,5541.246,0.0,5541.246,5541.246,1.0,10.603673744774142,-67.03177661270237,10.603673744774142,-67.03177661270237,True,True,reuse_geometry_minor_change,Geometry drift is below reuse threshold.
ems_00022,aoi12_v2_00025,22,25,Damaged,Damaged,70,70,738162a02a5903aefa434a521dbeefc159f8f0fbb1ca8a85e5a57010ce7ae093,63f5af1a474f2be3443c7f6e5c093ec1f785c35e45820175c3ad6648c70df404,1.0,5866.942,0.0,5866.942,5866.942,1.0,10.603892635780802,-67.0289868531801,10.603892635780802,-67.0289868531801,True,True,reuse_geometry_minor_change,Geometry drift is below reuse threshold.
ems_00023,aoi12_v2_00026,23,26,Possibly damaged,Possibly damaged,35,35,fafc7b3cd31ec21d6a42d9a71cb1e5c5815a0b41add388bc35b57e4c944a61b5,5dbbcc55a16771478dd8ea479b0ab6f160b4f012371a3fc1f62611672d779187,1.0,6494.227,0.0,6494.227,6494.227,1.0,10.603995899107723,-67.03059873348374,10.603995899107723,-67.03059873348374,True,True,reuse_geometry_minor_change,Geometry drift is below reuse threshold.
ems_00024,aoi12_v2_00027,24,27,Damaged,Damaged,70,70,a906df1d1b6ce5db25c81c51bf341d6ae96aff4347b2bc03b8eabbf0a1fd5614,54cefd9c766165470f1b2ae007fc5ced52581d27ae8f539dd63b45db73895956,1.0,8139.431,0.0,8139.431,8139.431,1.0,10.604292929232976,-67.02942549338852,10.604292929232976,-67.02942549338852,True,True,reuse_geometry_minor_change,Geometry drift is below reuse threshold.
ems_00025,aoi12_v2_00028,25,28,Damaged,Damaged,70,70,2dc155dae2b712d9d0666304af3f8c3536cc738d7c971d498ccdc734022f360e,c6f14e1bc89d6307ebe2f0f0060c033b2ec08121b03b95345dbd6fc64cd3eb4d,1.0,7242.49,0.0,7242.49,7242.49,1.0,10.604352399560284,-67.03119116084169,10.604352399560284,-67.03119116084169,True,True,reuse_geometry_minor_change,Geometry drift is below reuse threshold.
ems_00026,aoi12_v2_00032,26,32,Damaged,Damaged,70,70,bee5d0745eeafdf1819cb2f1b8b3b03838fdd1e6c0eb35cd2d8ad4e25b889903,649ba4ae770fe6b2907056e7add42985777fc32959d0b3f531e304795634cc2b,1.0,6064.006,0.0,6064.006,6064.006,1.0,10.605294046317017,-67.03209393562685,10.605294046317017,-67.03209393562685,True,True,reuse_geometry_minor_change,Geometry drift is below reuse threshold.
ems_00027,aoi12_v2_00033,27,33,Damaged,Damaged,70,70,46b5fa0482195c6a2bbe885376b9406617898b9b125572f61b39850b2ce74a72,8ce66e962f080e44fd2e0f9fbfd7aabb2b0709dc07030cf7b8e052c80837e517,1.0,105476.19,0.0,105476.19,105476.19,1.0,10.605389589948691,-67.03494685109597,10.605389589948691,-67.03494685109597,True,True,reuse_geometry_minor_change,Geometry drift is below reuse threshold.
ems_00028,aoi12_v2_00034,28,34,Damaged,Damaged,70,70,0d08d12ed863855348e31191dd2634744cc44bd43cd2c89a38338bd925130597,03176022cf5c8e7557b71aeb9c90cdbdc94819cb4fa48531add8c2a8a567cd04,1.0,47839.697,0.0,47839.697,47839.697,1.0,10.60521544774408,-67.03304344689383,10.60521544774408,-67.03304344689383,True,True,reuse_geometry_minor_change,Geometry drift is below reuse threshold.
ems_00029,aoi12_v2_00035,29,35,Damaged,Damaged,70,70,3569febfbff2193425009c1970ddc63a93a59c162a9fd88fcd626e9b367752d3,0ae22db5f3faf70b45e971971309d5484039f12fa5651ca95f476250de4fe579,1.0,8300.116,0.0,8300.116,8300.116,1.0,10.605621034971376,-67.03093171649665,10.605621034971376,-67.03093171649665,True,True,reuse_geometry_minor_change,Geometry drift is below reuse threshold.
ems_00030,aoi12_v2_00042,30,42,Damaged,Damaged,70,70,3cc2462be50cb1d56d25e3840ee12e5e4ecccd7fad471c3a5793a00ad175d470,5b140ca76fe84ccc0a7e6140ed8f386e7f07565fbdbe3744cdda387821c6ecad,1.0,14699.349,0.0,14699.349,14699.349,1.0,10.606090959035692,-67.02566619441708,10.606090959035692,-67.02566619441708,True,True,reuse_geometry_minor_change,Geometry drift is below reuse threshold.
ems_00031,aoi12_v2_00037,31,37,Damaged,Damaged,70,70,0001bdc8c97a0367d00c2ede6003478dbeb1101b893d64ecea57951e0fb13126,a9ffe33f2f31313bf9b03b958b30b836cb693efff7dbe40c8e9d54bffe9331db,1.0,66940.351,0.0,66940.351,66940.351,1.0,10.60584507920392,-67.02886088491039,10.60584507920392,-67.02886088491039,True,True,reuse_geometry_minor_change,Geometry drift is below reuse threshold.
ems_00032,aoi12_v2_00038,32,38,Damaged,Damaged,70,70,2856bd1c003d23c762003b5e44e9f3f677a026ae20413d34b1ad2eabb713b8b8,ec12d6320e8fce53ce17c25af44efda644286c5dcf43aed4ad4eb0ebeedcc0bd,1.0,8327.661,0.0,8327.661,8327.661,1.0,10.60802137673716,-67.03224694619043,10.60802137673716,-67.03224694619043,True,True,reuse_geometry_minor_change,Geometry drift is below reuse threshold.
ems_00033,aoi12_v2_00062,33,62,Damaged,Damaged,70,70,e2dc781d7ed28f81040aae8e5c52315dde23fd0d91eb5cb977bce649faf2bdb6,401e8e5d0e75e2f220fc3d2c595ef0b6ec413ab6e0882cfc437fbc5423a8107b,1.0,37802.506,0.0,37802.506,37802.506,1.0,10.60813953710622,-67.02576724334986,10.60813953710622,-67.02576724334986,True,True,reuse_geometry_minor_change,Geometry drift is below reuse threshold.
ems_00034,aoi12_v2_00039,34,39,Damaged,Damaged,70,70,75572e530b8440a30cf5845dd054874392a1c11c0eb4292978ef488f5a9dad59,92122c735cd0e12772d806def15b8f3fcb499071204051cf0338ee91ef0f9502,1.0,32806.626,0.0,32806.626,32806.626,1.0,10.608278317217504,-67.03384899814262,10.608278317217504,-67.03384899814262,True,True,reuse_geometry_minor_change,Geometry drift is below reuse threshold.
ems_00035,aoi12_v2_00066,35,66,Damaged,Damaged,70,70,496d048410be9b69dc8913f9dda197125a22bd6328bbf9462074a93495bc5e1a,0d63fd6b4420bbf6e935a85d8ad20c67f78324cc84ee22b5fd0ce82e2f5285df,1.0,110213.569,0.0,110213.569,110213.569,1.0,10.608223856547534,-67.02719065476747,10.608223856547534,-67.02719065476747,True,True,reuse_geometry_minor_change,Geometry drift is below reuse threshold.
ems_00036,aoi12_v2_00040,36,40,Damaged,Damaged,70,70,b635f5a4ae8942792fa25317c6c5f63b29b6098a4f9d20d8b42ad68626025176,0ea441a06e60d28c8282943be9119e1b99f17dfb124118bcabaf88db3fccc8c9,1.0,12401.128,0.0,12401.128,12401.128,1.0,10.60854960774751,-67.02994487836814,10.60854960774751,-67.02994487836814,True,True,reuse_geometry_minor_change,Geometry drift is below reuse threshold.
ems_00037,aoi12_v2_00071,37,71,Damaged,Damaged,70,70,3ebe4407d45cb1e9c23d5260f441f27c63e9e877367387ae24222f172624478b,44ad783becc96edc45eb5fa295f2050fd0e6eb0ba0a7c111f25b5450de8e9ced,1.0,13807.222,0.0,13807.222,13807.222,1.0,10.608689662819486,-67.0293232579801,10.608689662819486,-67.0293232579801,True,True,reuse_geometry_minor_change,Geometry drift is below reuse threshold.
ems_00038,aoi12_v2_00072,38,72,Damaged,Damaged,70,70,0b4f808a0d2e13392b64bd2f9f5b249be871da65ca453821f6b7965ef1ba0dac,92cb062657dbf1831bf1391b7dcf73e3259eb555f8f1a04041774368570508c4,1.0,10610.673,0.0,10610.673,10610.673,1.0,10.608677814244999,-67.03122269666568,10.608677814244999,-67.03122269666568,True,True,reuse_geometry_minor_change,Geometry drift is below reuse threshold.
ems_00039,aoi12_v2_00073,39,73,Damaged,Damaged,70,70,321608a3daaeff0234f7cb041d4957fda214b386304e8cd698063c584e76e4f4,ebce26e883e513a2846c90951c09f4ca575b90ec3f54927c6b8521d793c79c35,1.0,11496.479,0.0,11496.479,11496.479,1.0,10.608867681068658,-67.02866742043513,10.608867681068658,-67.02866742043513,True,True,reuse_geometry_minor_change,Geometry drift is below reuse threshold.
ems_00040,aoi12_v2_00074,40,74,Damaged,Damaged,70,70,10aace701cb9f0027d6e9f8ee7ff766b2d252e543a6dc3cccce4e55f43b5f182,56209af1e2be1964203917a193449565a88baa313f10d4e9a55f0c9cf4f96ec4,1.0,8190.892,0.0,8190.892,8190.892,1.0,10.609180511443737,-67.02803538842835,10.609180511443737,-67.02803538842835,True,True,reuse_geometry_minor_change,Geometry drift is below reuse threshold.
ems_00041,aoi12_v2_00063,41,63,Damaged,Damaged,70,70,75ee220e53a608b7da90587731ddea42027824554ad0eb87452057bad0013926,692cb424631e22da860056ce62a454a37f8acb881191699eeb475c7e53319673,1.0,29353.136,0.0,29353.136,29353.136,1.0,10.608220815979184,-67.0236287837531,10.608220815979184,-67.0236287837531,True,True,reuse_geometry_minor_change,Geometry drift is below reuse threshold.
ems_00042,aoi12_v2_00064,42,64,Damaged,Damaged,70,70,1817ed7fbaaa4531928b1ed1134f144dc5906463cce2d5847251f988f6a316ff,fb76345673fa77a23a7a9ac2586f3f00deebbb5c6d4c5aad67991b9a1b4f86b3,1.0,36552.463,0.0,36552.463,36552.463,1.0,10.608235441103025,-67.02461266509081,10.608235441103025,-67.02461266509081,True,True,reuse_geometry_minor_change,Geometry drift is below reuse threshold.
ems_00043,aoi12_v2_00065,43,65,Damaged,Damaged,70,70,7a94860e329088b0b57f6b43af36da6e930ee14254a10a06167cc062e11c107c,c6aaf7706db047378fb3f327589cdc36c42589a2ec88284676787112e55d0751,1.0,27036.878,0.0,27036.878,27036.878,1.0,10.608102335928654,-67.02137153909818,10.608102335928654,-67.02137153909818,True,True,reuse_geometry_minor_change,Geometry drift is below reuse threshold.
ems_00044,aoi12_v2_00056,44,56,Possibly damaged,Possibly damaged,35,35,81f19e59cbab8b13b922fb8aede3865246c6eaa7a65b402a1f86b89fa615c326,2aba5b02248daaaaa7e06d5de46bd07c5c1e5d60f1d08e66f02b8aff2407d0f3,1.0,116566.604,0.0,116566.604,116566.604,1.0,10.608856553324145,-66.99849279993809,10.608856553324145,-66.99849279993809,True,True,reuse_geometry_minor_change,Geometry drift is below reuse threshold.
ems_00045,aoi12_v2_00069,45,69,Damaged,Damaged,70,70,caeb06df66094f6a2e642d82dbfaabd23b5e45eab72728ac07a227e50694b2a6,290e9067d22559b57707d017f2b92dae15b5e5204aa3f235a26fd012ea457376,1.0,14933.316,0.0,14933.316,14933.316,1.0,10.60884542611988,-67.0173096437577,10.60884542611988,-67.0173096437577,True,True,reuse_geometry_minor_change,Geometry drift is below reuse threshold.
ems_00046,aoi12_v2_00070,46,70,Damaged,Damaged,70,70,72aff369e7a6e8f5cd3078e6ed16cf7f522ca75a171d3e618f3b6d71fdc41017,414e6062f31a5b44970bb4eebccc050cda6b526c0512b07ea71f3244feb26102,1.0,15069.697,0.0,15069.697,15069.697,1.0,10.608858686490045,-67.01579741979104,10.608858686490045,-67.01579741979104,True,True,reuse_geometry_minor_change,Geometry drift is below reuse threshold.
ems_00047,aoi12_v2_00057,47,57,Damaged,Damaged,70,70,f9742135b28ad13e38239d1b6fd62f398588ab26ed082ea0799b4030d47f1976,f716a2f10573ca68621ea58f72caf88c65589f7a99acc4691aff512ebd480655,1.0,11446.045,0.0,11446.045,11446.045,1.0,10.608830490181907,-67.01444410287277,10.608830490181907,-67.01444410287277,True,True,reuse_geometry_minor_change,Geometry drift is below reuse threshold.
ems_00048,aoi12_v2_00113,48,113,Damaged,Damaged,70,70,da441c48d81bc1dea3fbcc661e9e6b1338da9d55deb2de8f423f806984d6a5a4,4d646893bf355c7bc2db319ba1abc4320b2e15a1c076d69b0ba64d543d4f95d5,1.0,16308.16,0.0,16308.16,16308.16,1.0,10.609780150233842,-67.00975238626145,10.609780150233842,-67.00975238626145,True,True,reuse_geometry_minor_change,Geometry drift is below reuse threshold.
ems_00049,aoi12_v2_00115,49,115,Damaged,Damaged,70,70,e38adaa96d05f576aedfaf9a380673d0a2ee338ae933034447d0208f06ff8ce9,c851defb57f5ee6e92235d9384239b7ac09f61b6fcef3347214d205da2ff8f48,1.0,13867.761,0.0,13867.761,13867.761,1.0,10.609725752803953,-67.01313354636407,10.609725752803953,-67.01313354636407,True,True,reuse_geometry_minor_change,Geometry drift is below reuse threshold.
ems_00050,aoi12_v2_00116,50,116,Destroyed,Destroyed,100,100,be52407ba7508a13e65a21082cc5b020cfbde1c726ac9bbaf1fdbdf35fe9bbd6,f9221e188b0ca19c74aecaac50c92eb218b5f246adba86e568abaa659e2be5f1,1.0,7029.133,0.0,7029.133,7029.133,1.0,10.609678709767286,-67.0146437760432,10.609678709767286,-67.0146437760432,True,True,reuse_geometry_minor_change,Geometry drift is below reuse threshold.
ems_00051,aoi12_v2_00117,51,117,Damaged,Damaged,70,70,9f9768dd5882a2d3ae4c610387e4d0c27f41efcacc04001a057bf055f38f6b00,1b2643c7dd97e81c2df1900257c36f9d50f5b63ee131d50c08db95fbb39bf296,1.0,13519.746,0.0,13519.746,13519.746,1.0,10.609734505794812,-67.01165982697339,10.609734505794812,-67.01165982697339,True,True,reuse_geometry_minor_change,Geometry drift is below reuse threshold.
ems_00052,aoi12_v2_00118,52,118,Damaged,Damaged,70,70,a9ea746e249ce01e178d8097752c694923bdf7b1e1f7b291a9a3510340425e38,1796aac49cddf5f189952381d0f9a18669d02e62b05b1550c4fde173dbf177f2,1.0,16890.801,0.0,16890.801,16890.801,1.0,10.609794598645216,-66.98620763310747,10.609794598645216,-66.98620763310747,True,True,reuse_geometry_minor_change,Geometry drift is below reuse threshold.
ems_00053,aoi12_v2_00119,53,119,Damaged,Damaged,70,70,ff409f57b5f2946db73947f28e1d904f0a74d98b441d3f347db904fe497fbb50,1a7c0627f114585ca8d15748aa46f74948c9d5520e674766c68a2c148bc25b04,1.0,95393.234,0.0,95393.234,95393.234,1.0,10.609938167843795,-67.00595404269953,10.609938167843795,-67.00595404269953,True,True,reuse_geometry_minor_change,Geometry drift is below reuse threshold.
ems_00054,aoi12_v2_00120,54,120,Damaged,Damaged,70,70,29e3591be45fbcf2678d357a6935d529aa523816de0f410496d6fb4233b494f4,5d6e1d1eaeb5b291d34c8f05508f18c160713e91ea25a26a37e9cb1f5b522364,1.0,8587.142,0.0,8587.142,8587.142,1.0,10.610180407709853,-67.00906361029041,10.610180407709853,-67.00906361029041,True,True,reuse_geometry_minor_change,Geometry drift is below reuse threshold.
ems_00055,aoi12_v2_00121,55,121,Damaged,Damaged,70,70,6e09e0c7dc7c4e260f221d81d8b90c43cada4a816d8508a8dbad09c275b7a967,f1ffeba4a3336f6a2b2add3873179e156a11c2691fd76e9757aa29bcb9f65e12,1.0,12900.701,0.0,12900.701,12900.701,1.0,10.610582616440615,-67.01303515305678,10.610582616440615,-67.01303515305678,True,True,reuse_geometry_minor_change,Geometry drift is below reuse threshold.
ems_00056,aoi12_v2_00080,56,80,Damaged,Damaged,70,70,5341d7866acd43d6b2ef0faef7ea23bec8865ce559e0f4e428c5763711624089,b0284b678825bcd1d7283c6f1b791312966094424ef99bb3c4ffd4f250cabacb,1.0,223774.387,0.0,223774.387,223774.387,1.0,10.611085876157025,-67.0206319882347,10.611085876157025,-67.0206319882347,True,True,reuse_geometry_minor_change,Geometry drift is below reuse threshold.
ems_00057,aoi12_v2_00122,57,122,Damaged,Damaged,70,70,f05e3cb2fe2b5df8ce4d6e2f38efa2912de514e91c98adb4c904c1d7801f0132,b0ca8ac3dd45161b893e917037acc68b7c5cff84eae86e4fa7d80c2c71c5f05a,1.0,12450.983,0.0,12450.983,12450.983,1.0,10.610601276517473,-67.01180790823318,10.610601276517473,-67.01180790823318,True,True,reuse_geometry_minor_change,Geometry drift is below reuse threshold.
ems_00058,aoi12_v2_00075,58,75,Damaged,Damaged,70,70,25193e6ceea49ee4279244e618d8984741c2c093d9f66be0874819c69a9d8b11,d41a36c8009d5107873594fa80e8b223656b5e6a47ca53401867263463de291f,1.0,82164.746,0.0,82164.746,82164.746,1.0,10.610875487422742,-67.01466829432916,10.610875487422742,-67.01466829432916,True,True,reuse_geometry_minor_change,Geometry drift is below reuse threshold.
ems_00059,aoi12_v2_00076,59,76,Damaged,Damaged,70,70,4b07e56cc0de3dee1a93a9145973996b851b3731aee0ad2b3a4a9dd37b220fa6,ac059ae7ca1169f726c540f5a8b45899801984bdbc3c168871bcb0992a002c8e,1.0,3419.87,0.0,3419.87,3419.87,1.0,10.610711899999284,-67.01023598893816,10.610711899999284,-67.01023598893816,True,True,reuse_geometry_minor_change,Geometry drift is below reuse threshold.
ems_00060,aoi12_v2_00081,60,81,Damaged,Damaged,70,70,8777a02c35b051cd68068726abeb6bffe10da20d12e78e0bc091a9887649c789,1abb2c339d113707ff037cd111dc41f8f0133efd8db67399bf5b19c297dce2ce,1.0,35923.265,0.0,35923.265,35923.265,1.0,10.613091509550681,-67.02165529828825,10.613091509550681,-67.02165529828825,True,True,reuse_geometry_minor_change,Geometry drift is below reuse threshold.
ems_00061,,61,,Possibly damaged,,35,,099d257f5ecc7ce4818418ad2668082c7e8f332fe9bd5de681e7c0b406bf646b,,,,,9968.749,,,10.59726769061693,-66.93110194646667,,,True,False,retire_or_manual_locate,No v2 overlap found for old feature.
ems_00062,,62,,Possibly damaged,,35,,fea239930272d259436f8e99a057417102323cca667092d6f230e0343d081808,,,,,5650.243,,,10.598555301453882,-66.92240030334084,,,True,False,retire_or_manual_locate,No v2 overlap found for old feature.
ems_00063,,63,,Damaged,,70,,f8c3e51e246dcf22c3c106877c5136f372e2e7c8e3fce784b86c3fea83d2e5fb,,,,,143491.337,,,10.600164764166712,-66.92566726408734,,,True,False,retire_or_manual_locate,No v2 overlap found for old feature.
ems_00064,,64,,Possibly damaged,,35,,32d7221d19fd3ace62a63846afaf63a5928791eb68b37e3986f59f6d2382d9d7,,,,,2035.205,,,10.599811974516275,-66.9307271419363,,,True,False,retire_or_manual_locate,No v2 overlap found for old feature.
ems_00065,,65,,Possibly damaged,,35,,b023fa81155fa4f38c601e47450a9c78d79ac0ae49fa9b01fe4097e34cd5fd13,,,,,1515.067,,,10.600004746050779,-66.93016402667755,,,True,False,retire_or_manual_locate,No v2 overlap found for old feature.
ems_00066,aoi12_v2_00084,66,84,Possibly damaged,Possibly damaged,35,35,f95379d6191961db132cd90da8a2439c82269bd267d612bb71e02b482f377908,5f34fde75dacdd8545c9c1b258881f24f8d39725e291adc736ca2e5f5d3fc7c7,1.0,15722.872,0.0,15722.872,15722.872,1.0,10.5999727107162,-66.93429786752145,10.5999727107162,-66.93429786752145,True,True,reuse_geometry_minor_change,Geometry drift is below reuse threshold.
ems_00067,,67,,Possibly damaged,,35,,53b0a66c46607efb2349489506b073992fdf7a74dd409f36084edd65b9eebf09,,,,,6785.857,,,10.600638733144542,-66.93165065371697,,,True,False,retire_or_manual_locate,No v2 overlap found for old feature.
ems_00068,,68,,Damaged,,70,,522591a53f37d3f9423b5c3de3c1a8d1024ccfc8ced2174755fa078ae616ba75,,,,,4686.147,,,10.600783564380988,-66.93239440860886,,,True,False,retire_or_manual_locate,No v2 overlap found for old feature.
ems_00069,,69,,Damaged,,70,,24dafcdf8f1dcd395da3d6da423423e8aa437b3f03c2f8ace3544313cf045c22,,,,,2493.902,,,10.601206489981736,-66.92734149476715,,,True,False,retire_or_manual_locate,No v2 overlap found for old feature.
ems_00070,,70,,Possibly damaged,,35,,25cb933df808f0722bd23ac5ae15aba7690a0be87c099c98af490e7a77dee5be,,,,,5464.838,,,10.60139483754192,-66.93237538738559,,,True,False,retire_or_manual_locate,No v2 overlap found for old feature.
ems_00071,aoi12_v2_00086,71,86,Possibly damaged,Possibly damaged,35,35,06df3fb5a7198e698a0c1a221a8a00fa6054be1fd4641a953aeedcf565558ca5,348941b1eb99f87eef3be663dd6b44b87cc03b2603b35a0200b44093e61743d0,1.0,125169.15,0.0,125169.15,125169.15,1.0,10.601810344119256,-66.91399539506662,10.601810344119256,-66.91399539506662,False,True,reuse_geometry_minor_change,Geometry drift is below reuse threshold.
ems_00072,,72,,Possibly damaged,,35,,6f95ea06a43a31ad7fbc2940494fd9828de9afac994a1c13304321e16160af65,,,,,3048.456,,,10.601516556870939,-66.93187192800738,,,True,False,retire_or_manual_locate,No v2 overlap found for old feature.
ems_00073,,73,,Possibly damaged,,35,,05e675ec0164b7cf5c50f61bb2370c1158fe5f9ff5d3ebc274c17cec6fecc9ec,,,,,21033.243,,,10.601485749453058,-66.92962872690171,,,True,False,retire_or_manual_locate,No v2 overlap found for old feature.
ems_00074,aoi12_v2_00087,74,87,Damaged,Damaged,70,70,91e8887de80822827ed70277c10b0e311bb3b2db0672f9c019e2d1ac225338e4,8b6193bfa779fc99ee51591ebee2547f5d09490c2e6c27ce0ce48f2a207e26ed,1.0,7427.28,0.0,7427.28,7427.28,1.0,10.601736455870297,-66.93327391493932,10.601736455870297,-66.93327391493932,True,True,reuse_geometry_minor_change,Geometry drift is below reuse threshold.
ems_00075,,75,,Possibly damaged,,35,,790d8bc1c7994002efb87be712b705f9685c398c83044ea7bfd28ac6d4e1df96,,,,,3246.862,,,10.602021829378753,-66.92545846958215,,,True,False,retire_or_manual_locate,No v2 overlap found for old feature.
ems_00076,,76,,Possibly damaged,,35,,056b0b244d05fa4bb585eb84a9ead271a8f84b3d506f315fc492dc5ac082c6cc,,,,,4801.273,,,10.60224777774011,-66.92383750107379,,,True,False,retire_or_manual_locate,No v2 overlap found for old feature.
ems_00077,aoi12_v2_00089,77,89,Damaged,Damaged,70,70,6adfbb2073f4fbdbc60a535e2b41213887a93d96d3ac4efa4ac0ccdfa90444cb,76ea4b75db5751a4dc49df63a47279b4b08ce7c55e579df7c8794f7032b2debf,1.0,6906.095,0.0,6906.095,6906.095,1.0,10.602165484622827,-66.9323755471992,10.602165484622827,-66.9323755471992,True,True,reuse_geometry_minor_change,Geometry drift is below reuse threshold.
ems_00078,aoi12_v2_00090,78,90,Damaged,Damaged,70,70,932b1243272ede60ae3fc33a8c5d97f9fe17e1f7846ae5f8e8f842583ff9b5d4,f7e7f2bd781f6f685763690bc07bf507f51cb49ee804f46da6929ebdf29e05fc,1.0,19298.467,0.0,19298.467,19298.467,1.0,10.602823975144217,-66.92175478057533,10.602823975144217,-66.92175478057533,True,True,reuse_geometry_minor_change,Geometry drift is below reuse threshold.
ems_00079,,79,,Possibly damaged,,35,,5fbe198c1b8466fc9d92c77c0ff38236ecc6a021461b59f99a6d1e9c8328d07e,,,,,6754.299,,,10.603536711086603,-66.91866067261888,,,True,False,retire_or_manual_locate,No v2 overlap found for old feature.
ems_00080,aoi12_v2_00091,80,91,Damaged,Damaged,70,70,830f3a843875714cddcb92f9b9f942d1ac29d7a2e65033b8bd4a9e44fd82bbd8,41192d4c78e5a2396fd0982a7f4ce51e9775cb83ce4a0fe740c59e9f18e9d3a3,1.0,11206.54,0.0,11206.54,11206.54,1.0,10.604684444459158,-66.9010316290225,10.604684444459158,-66.9010316290225,False,True,reuse_geometry_minor_change,Geometry drift is below reuse threshold.
ems_00081,aoi12_v2_00103,81,103,Possibly damaged,Possibly damaged,35,35,2dacdb11470435e2771753da2c4bea3aee5aca7e2638c5a41e7f40f8fa4ac847,2dacdb11470435e2771753da2c4bea3aee5aca7e2638c5a41e7f40f8fa4ac847,1.0,91290.166,0.0,91290.166,91290.166,1.0,10.60753484030374,-66.84339116332623,10.60753484030374,-66.84339116332623,True,True,reuse,Exact geometry and same official damage class.
ems_00082,aoi12_v2_00104,82,104,Damaged,Damaged,70,70,05171c96efeeda360ea31f99aa09a7cbcafe0d45b0e1a900bb722b9b5992fee6,e93a26dd7f0694c8ad5ee8c07a79ea038312e66273968857ad322f8f8866d6aa,1.0,28145.075,0.0,28145.075,28145.075,1.0,10.610238906150292,-66.84129322497843,10.610238906150292,-66.84129322497843,True,True,reuse_geometry_minor_change,Geometry drift is below reuse threshold.
ems_00083,aoi12_v2_00106,83,106,Damaged,Damaged,70,70,228d97cfbe5f78d7d90ae4bade2d57ba16ab7d84ee5205cff4c0270ce2698e53,148a5ac6418725364e81ce33e3da6d957fc45163d62bf57beff8ac74d029e00e,1.0,29739.175,0.0,29739.175,29739.175,1.0,10.610338217841425,-66.82450565892661,10.610338217841425,-66.82450565892661,True,True,reuse_geometry_minor_change,Geometry drift is below reuse threshold.
ems_00084,aoi12_v2_00108,84,108,Damaged,Damaged,70,70,bb1ec283fa26b27f3b4e0e1f04b64c1a374aba265b013d9c0eb01055ba420da0,70377df913de2cf4fff12a1be6b163c288bad58234c377a8f7362774ea0c360e,1.0,27716.524,0.0,27716.524,27716.524,1.0,10.611072170380686,-66.84663507460623,10.611072170380686,-66.84663507460623,True,True,reuse_geometry_minor_change,Geometry drift is below reuse threshold.
ems_00085,aoi12_v2_00109,85,109,Damaged,Damaged,70,70,ef2cf8dbc90a8b145e187a9aef397ba1eef47f347e40244bbe2b2b6f98f01337,b4f61a71c06f32f7011a989f32c508c8c81447cae2aad8057c589391ecff9ca3,1.0,24247.364,0.0,24247.364,24247.364,1.0,10.610873929497677,-66.836590274128,10.610873929497677,-66.836590274128,True,True,reuse_geometry_minor_change,Geometry drift is below reuse threshold.
ems_00086,aoi12_v2_00111,86,111,Damaged,Damaged,70,70,18e762c5a9ec9bf93f762f3613e49463d867d01dc0f5e5b168c655af9fad7d70,9098b66546e40c541834d688f852d818949bdab6004030c1fc38ea5ea1c74988,1.0,12166.684,0.0,12166.684,12166.684,1.0,10.611341129045364,-66.83192910480872,10.611341129045364,-66.83192910480872,True,True,reuse_geometry_minor_change,Geometry drift is below reuse threshold.
ems_00087,aoi12_v2_00112,87,112,Damaged,Damaged,70,70,b8348597ba5750ef51f88db4c24c0be973927fbd9bd20db8fc46c27bee5b6756,d77b4263429b45eaf95fa938f2368cd122381fbcc105828290cbde4b1e4115a9,1.0,109544.903,0.0,109544.903,109544.903,1.0,10.611931074400216,-66.82746577516336,10.611931074400216,-66.82746577516336,True,True,reuse_geometry_minor_change,Geometry drift is below reuse threshold.
ems_00088,aoi12_v2_00123,88,123,Damaged,Damaged,70,70,373a467d0291fd477d1986196e229a86a416775af41a4c8a9276d82983104e7c,14f57322079619e67001185474f5e995426bbab0fa5baf4f84c8d586e92193fd,1.0,28434.711,0.0,28434.711,28434.711,1.0,10.611522810891184,-66.82251578480198,10.611522810891184,-66.82251578480198,True,True,reuse_geometry_minor_change,Geometry drift is below reuse threshold.
ems_00089,aoi12_v2_00124,89,124,Damaged,Damaged,70,70,eb6609ae882eb71865f369f6d9415caa78c08f8cdfc2b0aa9fda2176ba2bcdaa,e9d9f491d24561b33136fffa085e676aa816591277a1213c95102304cdde8b6d,1.0,23280.367,0.0,23280.367,23280.367,1.0,10.611946934682923,-66.82983609095002,10.611946934682923,-66.82983609095002,True,True,reuse_geometry_minor_change,Geometry drift is below reuse threshold.
ems_00090,aoi12_v2_00125,90,125,Damaged,Damaged,70,70,95b62b064b3eb73b894ac1e776187c4f68beb55fb2b0993c1df086dc354bf482,9b5e3f582046607948e3ca023ed9c1518a3a281dbcae37573e776de34fb223bf,1.0,15803.351,0.0,15803.351,15803.351,1.0,10.61204892952918,-66.82741409056473,10.61204892952918,-66.82741409056473,True,True,reuse_geometry_minor_change,Geometry drift is below reuse threshold.
ems_00091,aoi12_v2_00093,91,93,Possibly damaged,Damaged,35,70,0e4dc41415b3a936ecd37979791786f9e2ba0583115cd280bda5bbe81f890e4c,d204ada625d8cc2474d3f09ac6d873354bd252f635bc3d4f795539b2f6661045,1.0,2605.366,0.0,2605.366,2605.366,1.0,10.604913015101213,-66.8959212629346,10.604913015101213,-66.8959212629346,False,True,reuse_geometry_update_official_attrs,Geometry drift is minor but official damage class changed in v2.
ems_00092,aoi12_v2_00094,92,94,Destroyed,Destroyed,100,100,08f0120437c3b34d1a4b4e6550312884acaf560ac48da6608e30d9b3c242765f,0ee1196a44f0083351caefe30ec9a54c1f2b6cb56b7236f6e68446b571770973,1.0,2046.65,0.0,2046.65,2046.65,1.0,10.60504621635783,-66.8973975704313,10.60504621635783,-66.8973975704313,False,True,reuse_geometry_minor_change,Geometry drift is below reuse threshold.
ems_00093,aoi12_v2_00095,93,95,Destroyed,Destroyed,100,100,5015a28d7d3db15b883137c952a2c1fc7a4a01fb4259ea7d0c8a465a55d34070,dd38cb33783ed16c0bcc28fdece481b2473f628bf2ddab2d347776f67fb33627,1.0,4333.477,0.0,4333.477,4333.477,1.0,10.6050820674709,-66.8985427556099,10.6050820674709,-66.8985427556099,False,True,reuse_geometry_minor_change,Geometry drift is below reuse threshold.
ems_00094,aoi12_v2_00096,94,96,Damaged,Damaged,70,70,634c33673ae102d716993b7319d8c6080042dec2a7f02e953729b80d6f180e0a,265119f36ca44de5dfd5b0a67b8fc04b9b109273b2ee21e723dbfcf990e05028,1.0,17260.744,0.0,17260.744,17260.744,1.0,10.605328062873296,-66.89968628273998,10.605328062873296,-66.89968628273998,False,True,reuse_geometry_minor_change,Geometry drift is below reuse threshold.
ems_00095,aoi12_v2_00098,95,98,Damaged,Damaged,70,70,ea417c5eada9e0c7b2df8a4f928ba3bcd6ac2fc196e437afebe5a4c5e691de13,38feee37d02cd7eaa043315b058f9b8991ccab2c9c9761cd3ff1862559273a52,1.0,66854.498,0.0,66854.498,66854.498,1.0,10.606705833275953,-66.89086671121363,10.606705833275953,-66.89086671121363,False,True,reuse_geometry_minor_change,Geometry drift is below reuse threshold.
ems_00096,aoi12_v2_00099,96,99,Possibly damaged,Damaged,35,70,64318e73648f7d71b41bedac5549016d8d2705e99abf3bb4a1df2cc32d45094c,94820df713e2cd114ba38e75234d9bad8c986aae2590e199a24842af39ec6161,1.0,13898.614,0.0,13898.614,13898.614,1.0,10.606807109155923,-66.8918957838785,10.606807109155923,-66.8918957838785,False,True,reuse_geometry_update_official_attrs,Geometry drift is minor but official damage class changed in v2.
ems_00097,aoi12_v2_00101,97,101,Damaged,Damaged,70,70,6da5920ff67e81d1d2611d891040bf2778e1e643680bc5bd49974bbc4e629946,b3ba6b3aabe57806cea493e323b7aa8c6d7892035b06851f976a9afe4847d897,1.0,118124.48,0.0,118124.48,118124.48,1.0,10.609568889521594,-66.88827810501459,10.609568889521594,-66.88827810501459,False,True,reuse_geometry_minor_change,Geometry drift is below reuse threshold.
ems_00098,,98,,Possibly damaged,,35,,823e8e31f5579d68efa0cb2e545aa53606e119852af0c4616a5984f61fbbbe26,,,,,47073.043,,,10.610154862483217,-66.88394690517582,,,False,False,retire_or_manual_locate,No v2 overlap found for old feature.
ems_00099,aoi12_v2_00133,99,133,Destroyed,Destroyed,100,100,99cd8f41f3914bdbbb5c18fe9df99d777e247eed0f481f16dcd93a2d36ce370d,1ce8bf2bebc762b59819424cd9a9da190c909a9845e34634f9769842740abc20,1.0,23126.275,0.0,23126.275,23126.275,1.0,10.611175958704635,-66.88480271623085,10.611175958704635,-66.88480271623085,False,True,reuse_geometry_minor_change,Geometry drift is below reuse threshold.
ems_00100,aoi12_v2_00139,100,139,Damaged,Damaged,70,70,f49a67d85fcf805315e20058d4c6a0c8355697e7dd5db40c636b3fd83fed6ebb,25cfce9342f99beb7443257cc9bade2893d3b099fbe690f20882cb4d63ec4d01,1.0,36321.012,0.0,36321.012,36321.012,1.0,10.615756353082826,-66.85936953165867,10.615756353082826,-66.85936953165867,False,True,reuse_geometry_minor_change,Geometry drift is below reuse threshold.
ems_00101,aoi12_v2_00126,101,126,Damaged,Damaged,70,70,3f79a4d0c2c75aed4851a7af8f5c0cefb9845d7923a179505ced22b450f66a84,5b88f5f7728fa4fdc7dce9b8de7f32eefac09ab2aef34d2e9c8729a8371fb71b,1.0,70565.959,0.0,70565.959,70565.959,1.0,10.611752934460652,-66.82081809668193,10.611752934460652,-66.82081809668193,True,True,reuse_geometry_minor_change,Geometry drift is below reuse threshold.
ems_00102,aoi12_v2_00127,102,127,Damaged,Damaged,70,70,66747f2aa053ebb082fd502dd050a539ec29fbd15e907fae5153159bc79de617,ae1ac0e2e12fdf175abafc4fa290a86551026f5ee1130331db56b0ca5e48aaad,1.0,28186.24,0.0,28186.24,28186.24,1.0,10.612086092730808,-66.84463930472178,10.612086092730808,-66.84463930472178,True,True,reuse_geometry_minor_change,Geometry drift is below reuse threshold.
ems_00103,aoi12_v2_00129,103,129,Damaged,Damaged,70,70,3212c15adee87f1f3067f1769862fad684a873020ccc0edba09ac371504ffbc2,391a3058fb1db21aca4c142afecb4b19fd8161cc185e46d853e06eadb7ccd629,1.0,15173.008,0.0,15173.008,15173.008,1.0,10.612471339814862,-66.8247121149739,10.612471339814862,-66.8247121149739,True,True,reuse_geometry_minor_change,Geometry drift is below reuse threshold.
ems_00104,aoi12_v2_00130,104,130,Damaged,Damaged,70,70,d88286054d2a7626d70fffa29f9db9f7755917c96e235d41d38c6baceb8c104f,b4780bab725a8339981502330fef2e1cff845e03f07694d987697d542fa9c424,1.0,44014.455,0.0,44014.455,44014.455,1.0,10.613153453931579,-66.83929375981296,10.613153453931579,-66.83929375981296,True,True,reuse_geometry_minor_change,Geometry drift is below reuse threshold.
ems_00105,aoi12_v2_00131,105,131,Damaged,Damaged,70,70,9d8ca9782145e89d781efd84e309cf2b98a28550af1097201d9c0dac70241be1,9cc0cfa378efe5fe8b1f08c73aeaff21c67b59bb110d88b1930a6ca732cac9f0,1.0,1320.65,0.0,1320.65,1320.65,1.0,10.61320224898462,-66.83778372032357,10.61320224898462,-66.83778372032357,True,True,reuse_geometry_minor_change,Geometry drift is below reuse threshold.
ems_00106,aoi12_v2_00132,106,132,Damaged,Damaged,70,70,d6f40f17afe27afe374bd14136517b7edbce909a5265c896cce114377bdabb59,d8ab29035c14d8780cca3a6dfe693f7d479764d455a1e11735a18c91605c5b8e,1.0,7859.194,0.0,7859.194,7859.194,1.0,10.613369067886858,-66.836515054462,10.613369067886858,-66.836515054462,True,True,reuse_geometry_minor_change,Geometry drift is below reuse threshold.
ems_00107,aoi12_v2_00143,107,143,Destroyed,Destroyed,100,100,877d9ec584fac5a6b4fd7c76afc1d4c034e55523bf41b79198df60dd09e87f1c,f3972bd9d5055483d6f10d15c2eb21d4348c25fd3ef2f3b32eddfb18df3cc318,1.0,22031.813,0.0,22031.813,22031.813,1.0,10.614566561207365,-66.8391916084979,10.614566561207365,-66.8391916084979,True,True,reuse_geometry_minor_change,Geometry drift is below reuse threshold.
ems_00108,aoi12_v2_00145,108,145,Damaged,Damaged,70,70,501bf3c8f9a7e9eb9fd6c384e04e63e9d70f571be1f64ce23c83833849e94d52,e9ca6b6c1e7cc58c823e04f04da7e60aa05535b095ab23ff1c7837e7df6cecff,1.0,24446.214,0.0,24446.214,24446.214,1.0,10.615122643995052,-66.8379120356225,10.615122643995052,-66.8379120356225,True,True,reuse_geometry_minor_change,Geometry drift is below reuse threshold.
ems_00109,aoi12_v2_00146,109,146,Destroyed,Destroyed,100,100,952b95485b8ef00610da7844d21d0aeb5bb9c315f28c5f1b1c896088cb626d5e,8ec9221d619449cdfe70ce441fcbff476db5e1c99ce1a7920258094bd31482a0,1.0,21527.495,0.0,21527.495,21527.495,1.0,10.615147633211517,-66.8402945268038,10.615147633211517,-66.8402945268038,True,True,reuse_geometry_minor_change,Geometry drift is below reuse threshold.
ems_00110,aoi12_v2_00147,110,147,Damaged,Damaged,70,70,feaae74a688757d188bb46968f8d6b394b9628f9047eb5a6fea3aa34857be3cd,55b4d1b6bbce3865229985aef053719b00d252f5a4d713010371ba73f6fe2925,1.0,53160.107,0.0,53160.107,53160.107,1.0,10.615605261347316,-66.83762884609284,10.615605261347316,-66.83762884609284,True,True,reuse_geometry_minor_change,Geometry drift is below reuse threshold.
ems_00111,aoi12_v2_00153,111,153,Damaged,Damaged,70,70,0474ac1a36e63657dced43a28980e810957b83179a1877001391a00f0f4a3cd7,3a8937c116c1057e3b52909ec42c91a9c2484eee4ee4dfde1e71137bd796c5d8,1.0,44935.488,0.0,44935.488,44935.488,1.0,10.616556841013422,-66.84726156971138,10.616556841013422,-66.84726156971138,True,True,reuse_geometry_minor_change,Geometry drift is below reuse threshold.
ems_00112,aoi12_v2_00149,112,149,Damaged,Damaged,70,70,6ff6ee6dfc9d00cbb1477f8568fb184eb0dee9f13af4e3394f2ef746857b64c1,43964faa73239ecd43123104d62615347e481dcd5deed13036c73531597abe95,1.0,19763.719,0.0,19763.719,19763.719,1.0,10.616330705973446,-66.84294032283782,10.616330705973446,-66.84294032283782,True,True,reuse_geometry_minor_change,Geometry drift is below reuse threshold.
ems_00113,aoi12_v2_00150,113,150,Damaged,Damaged,70,70,a7a3d5cdad06e508543fcdb414359c48f3e8d8378858aa4e69671220796435af,6384d00f768afd839294ec80b28a280d7e187b902adcedacd1776ed8d26626c8,1.0,26966.904,0.0,26966.904,26966.904,1.0,10.617483101553178,-66.84482061225688,10.617483101553178,-66.84482061225688,True,True,reuse_geometry_minor_change,Geometry drift is below reuse threshold.
ems_00114,aoi12_v2_00151,114,151,Damaged,Damaged,70,70,5148b588377da578d795fe330d3b477bffa582bcf7e11edd0a4190967409225e,022fe20f6cb4380b81a81f7310e922b3d6f71a3ad656346d45b93cdab59ea130,1.0,14766.1,0.0,14766.1,14766.1,1.0,10.617556148018293,-66.84628099678346,10.617556148018293,-66.84628099678346,True,True,reuse_geometry_minor_change,Geometry drift is below reuse threshold.
ems_00115,aoi12_v2_00161,115,161,Destroyed,Destroyed,100,100,bdf5baabcd35ebbc756a1a9b1401d90904456fcba6008fbcd83089816eaf69de,299db38559a095be66be6687d75d93defcb78dbe3fed2a1142a063309ac02a3c,1.0,69505.932,0.0,69505.932,69505.932,1.0,10.617825781361077,-66.85539542459189,10.617825781361077,-66.85539542459189,False,True,reuse_geometry_minor_change,Geometry drift is below reuse threshold.
ems_00116,aoi12_v2_00163,116,163,Destroyed,Destroyed,100,100,d991da9612283066bb44c86522fdfeaa64bd7fbd2953dee69e9a401e18087093,a264ce0e81bee8432b686b830c452bb207924b1b3c9313a03575bf959d332a96,1.0,2431.33,0.0,2431.33,2431.33,1.0,10.618056218146725,-66.8478921869123,10.618056218146725,-66.8478921869123,True,True,reuse_geometry_minor_change,Geometry drift is below reuse threshold.
ems_00117,aoi12_v2_00152,117,152,Possibly damaged,Damaged,35,70,a36031a3ea40c6b74f7e5798bf91ffba224c1067068da37f4a54d0dee07a2f86,80b41b290e647d0b7a9364f81e29b74a5a92331080cd79ff05f8b476ef41e162,1.0,201990.511,0.0,201990.511,201990.511,1.0,10.618351357383915,-66.84431585143096,10.618351357383915,-66.84431585143096,True,True,reuse_geometry_update_official_attrs,Geometry drift is minor but official damage class changed in v2.
ems_00118,aoi12_v2_00164,118,164,Destroyed,Destroyed,100,100,a632a3f26c1ff05979f34c21094d6dc4889f090516d28f82ef6cc4b341140ec1,210d648bf93559f77b32cbde056f47534f4cbb8e1d605ea31f291d758b332cf2,1.0,16034.512,0.0,16034.512,16034.512,1.0,10.618561257777795,-66.85123028388892,10.618561257777795,-66.85123028388892,True,True,reuse_geometry_minor_change,Geometry drift is below reuse threshold.
ems_00119,aoi12_v2_00165,119,165,Destroyed,Destroyed,100,100,6201f3e74e348924395b775aa71c653b5c3d179957b99069971ada323ca33653,f99a91f6c6cc6e13d08e38a409e347c958291f077d80bc0da99700bea116cc60,1.0,18478.629,0.0,18478.629,18478.629,1.0,10.618602522731901,-66.84914829684239,10.618602522731901,-66.84914829684239,True,True,reuse_geometry_minor_change,Geometry drift is below reuse threshold.
ems_00120,aoi12_v2_00166,120,166,Damaged,Damaged,70,70,b75ca389893681afe67bbddd34604fe90b78929ff3900e90e69b243ba5333f98,2b8b84c7fa8676a3f69dda5c6a4b4078773d2d90dbce2ec1171713090c938418,1.0,10719.99,0.0,10719.99,10719.99,1.0,10.618923647380038,-66.8473439089033,10.618923647380038,-66.8473439089033,True,True,reuse_geometry_minor_change,Geometry drift is below reuse threshold.
,aoi12_v2_00002,,2,,Damaged,,70,,6be9d04e3fe2e239a0e9b7d57dcd94c826a7fe39b2f01f807b4defe23e224b4c,,,,,124430.501,,,,10.58756106380209,-67.07927806449383,False,False,new_regenerate,New v2 feature has no matched v1 feature.
,aoi12_v2_00004,,4,,Possibly damaged,,35,,dc48a95c4a2c8f2c12faf572ac39f640c5be1cae3d01a18754dbbbef726b8cf0,,,,,51255.197,,,,10.599149425535028,-67.04053501164304,False,False,new_regenerate,New v2 feature has no matched v1 feature.
,aoi12_v2_00005,,5,,Damaged,,70,,9d76c231fa4a53cf27e030d7e46bb25cc670950193eb9f27d6449516664c49c2,,,,,3437.345,,,,10.601591375148365,-67.03255802565839,False,False,new_regenerate,New v2 feature has no matched v1 feature.
,aoi12_v2_00007,,7,,Damaged,,70,,0bdcb916341a6d51e1a9e2ff9bf0708edc6a909a8a6196098be885a3bd47e955,,,,,119568.494,,,,10.602090129337043,-67.03463835851294,False,False,new_regenerate,New v2 feature has no matched v1 feature.
,aoi12_v2_00011,,11,,Damaged,,70,,df64a24694baae1494ace8125a092f3b39dbf37a558242aed75918d91d2fe452,,,,,174233.268,,,,10.597511992765241,-67.01963527600627,False,False,new_regenerate,New v2 feature has no matched v1 feature.
,aoi12_v2_00012,,12,,Damaged,,70,,2a61f7baa148ff8ee63e1962b8ef34974600f92195526e80d38acb9cd5b83581,,,,,9414.182,,,,10.60044945836841,-67.02497946521025,False,False,new_regenerate,New v2 feature has no matched v1 feature.
,aoi12_v2_00013,,13,,Damaged,,70,,96dd3ce0487432e3acc79c01c568e0515ce02d7cd005626a17cae9fa4404a287,,,,,36855.683,,,,10.601655592474721,-67.02632407278318,False,False,new_regenerate,New v2 feature has no matched v1 feature.
,aoi12_v2_00015,,15,,Damaged,,70,,573852acbf197d5ff132e1155e55279dfd440a20e2e52f7d8365a80d00dddbed,,,,,7236.766,,,,10.60282291455077,-67.02590750639742,False,False,new_regenerate,New v2 feature has no matched v1 feature.
,aoi12_v2_00016,,16,,Damaged,,70,,a3c38f62025cdc8b3502fb8b2f7b6edc2c599a674305ede5d67ad65a132dec47,,,,,146186.514,,,,10.603165097912703,-67.02305785105226,False,False,new_regenerate,New v2 feature has no matched v1 feature.
,aoi12_v2_00023,,23,,Damaged,,70,,2b8d40674fb2c7334937572ca9f841d5d2e82bdec88f5a4c6135bfbaecfab9b5,,,,,7682.7,,,,10.603700524556427,-67.02842877221087,False,False,new_regenerate,New v2 feature has no matched v1 feature.
,aoi12_v2_00024,,24,,Damaged,,70,,e81613bc6c76fe16ecaa8bfd281b903e0127b24f3284d8077f220e98c7982b2a,,,,,9834.459,,,,10.603904240608768,-67.03396751491805,False,False,new_regenerate,New v2 feature has no matched v1 feature.
,aoi12_v2_00029,,29,,Damaged,,70,,ab30c0bf914fa77207432fa0da96fce3335df8a25be47e7fd094c87e880e6b2d,,,,,7997.513,,,,10.604720247109265,-67.02995479701497,False,False,new_regenerate,New v2 feature has no matched v1 feature.
,aoi12_v2_00030,,30,,Damaged,,70,,9774ccfc6d879f055d2e7ece485d2e5096ba5944043cf63635cec4e7dfdf30b9,,,,,8468.315,,,,10.605183199858258,-67.03044558614846,False,False,new_regenerate,New v2 feature has no matched v1 feature.
,aoi12_v2_00031,,31,,Damaged,,70,,9d3b7f69d5302ab594c202cfd820e677b15cb8e2d8673b6d28c681ec93f658fb,,,,,6841.199,,,,10.60531996193978,-67.03594862800543,False,False,new_regenerate,New v2 feature has no matched v1 feature.
,aoi12_v2_00036,,36,,Possibly damaged,,35,,6691f5b53e8ee5aabb86b7e2bc88fbf447350a5959b72da754ee352d9fe34009,,,,,3341.67,,,,10.606007276726992,-67.03019369489215,False,False,new_regenerate,New v2 feature has no matched v1 feature.
,aoi12_v2_00046,,46,,Damaged,,70,,0f73712029ecda38a3169ea673c99be91dd33720c053e99f2f81f6f37fa31fef,,,,,13867.305,,,,10.607132590435826,-67.01732242256037,False,False,new_regenerate,New v2 feature has no matched v1 feature.
,aoi12_v2_00047,,47,,Damaged,,70,,7c91a7ec9500592ef1ffdb159eac691d6019bcfed3d588ef427c7c88bcb0c90e,,,,,18673.591,,,,10.607119103754371,-67.01999136508094,False,False,new_regenerate,New v2 feature has no matched v1 feature.
,aoi12_v2_00050,,50,,Damaged,,70,,c1ca6dae0f2386d8195727032aaac6485ce0fb017a40d9d536afb16b4269d235,,,,,13587.689,,,,10.60800238757405,-67.01724886297951,False,False,new_regenerate,New v2 feature has no matched v1 feature.
,aoi12_v2_00051,,51,,Possibly damaged,,35,,ce6a21daf71ae55322131c568e0a988accbf3ffa7ad8e72e86e7baa54c3f352b,,,,,3350.275,,,,10.607444553565989,-67.01452013420368,False,False,new_regenerate,New v2 feature has no matched v1 feature.
,aoi12_v2_00052,,52,,Damaged,,70,,30f59238631e10bcc35a03f86a7e0eb9ca786d52fb4336fe603235dbe08a8f19,,,,,14954.434,,,,10.607989563697778,-67.01425847390162,False,False,new_regenerate,New v2 feature has no matched v1 feature.
,aoi12_v2_00054,,54,,Damaged,,70,,f4cf0186646db9c756ccea87ddb69e589c76aa695b98c444650717d0564a316d,,,,,25810.991,,,,10.608347922738137,-67.00166660633204,False,False,new_regenerate,New v2 feature has no matched v1 feature.
,aoi12_v2_00055,,55,,Possibly damaged,,35,,a7690211496339d363a01ed1af487e9d844b8a24d50bf3509bda3d75c41826ae,,,,,17407.972,,,,10.608697362557383,-67.00084772720146,False,False,new_regenerate,New v2 feature has no matched v1 feature.
,aoi12_v2_00058,,58,,Damaged,,70,,21033df939ed30d79247380d028a7da765d539f712c77f2e28fbf45dbc59cbe9,,,,,12874.304,,,,10.608881738137017,-67.0131001580272,False,False,new_regenerate,New v2 feature has no matched v1 feature.
,aoi12_v2_00059,,59,,Damaged,,70,,7803ca37ce1f8ec6b5f6ab68b9c0878192c2fd13f5856d45ca57c3c2fdafb39d,,,,,16262.412,,,,10.60889772428657,-67.0115653111594,False,False,new_regenerate,New v2 feature has no matched v1 feature.
,aoi12_v2_00060,,60,,Damaged,,70,,333d6cbaab982f4159fbfbbe6121646368a3248221cc39dac662c3f1a70eee5d,,,,,13423.656,,,,10.609175387618892,-67.01033583890138,False,False,new_regenerate,New v2 feature has no matched v1 feature.
,aoi12_v2_00067,,67,,Possibly damaged,,35,,6d249c5829f885453f539e32d5874077af4e6223bcc024f50d479998d69a36c7,,,,,7132.018,,,,10.608827929940292,-67.02002107057115,False,False,new_regenerate,New v2 feature has no matched v1 feature.
,aoi12_v2_00068,,68,,Damaged,,70,,b0721829f37ca2b0c2f0eaf773fc222cf253fb4c5ac7f7fd7594c986ba06d3bc,,,,,15600.444,,,,10.608827534199275,-67.0188721128262,False,False,new_regenerate,New v2 feature has no matched v1 feature.
,aoi12_v2_00077,,77,,Possibly damaged,,35,,2777ca9e35f6de3d807e21dac7034c0419f443d5d1016eb88936f9f50d036220,,,,,55581.166,,,,10.611061685154565,-66.99186383002629,False,False,new_regenerate,New v2 feature has no matched v1 feature.
,aoi12_v2_00078,,78,,Possibly damaged,,35,,366a4afca305eaaae92729efeff96c6387aa7d517a8f56aac59e2b83969d5c21,,,,,3394.47,,,,10.61102657754215,-67.00629303691892,False,False,new_regenerate,New v2 feature has no matched v1 feature.
,aoi12_v2_00079,,79,,Damaged,,70,,28dd30ed6d79c4606e1c65abac3c1da6b2d73ff4414169e57e95a8910bfb6ce8,,,,,12770.072,,,,10.609679870956137,-67.01721680489933,False,False,new_regenerate,New v2 feature has no matched v1 feature.
,aoi12_v2_00082,,82,,Damaged,,70,,d20fc28d1f7242b3f37648489f066e32dc1727ea7c9394783ab16c1db5239d6f,,,,,23987.683,,,,10.612958120827248,-67.01856521050132,False,False,new_regenerate,New v2 feature has no matched v1 feature.
,aoi12_v2_00083,,83,,Possibly damaged,,35,,8e743982467600723c518786b4e80967fbc7cd1968db84404d98ee2d96189da5,,,,,141112.094,,,,10.598115669342375,-66.92934228996977,False,False,new_regenerate,New v2 feature has no matched v1 feature.
,aoi12_v2_00085,,85,,Damaged,,70,,e07ec7ce513da6230348e9d37186aece1ccf901dbfbcffe322bf723d0b9f9847,,,,,19623.572,,,,10.600508196645045,-66.9347561544177,False,False,new_regenerate,New v2 feature has no matched v1 feature.
,aoi12_v2_00088,,88,,Possibly damaged,,35,,eb4e5e9607585780094522c79c6d2c6035552c7de53a335cfd863f42dd24532e,,,,,2221.19,,,,10.602137010007596,-66.9342782117644,False,False,new_regenerate,New v2 feature has no matched v1 feature.
,aoi12_v2_00092,,92,,Damaged,,70,,9f7c74f4ffdd64d932c3f9bc470394948de17c9057abea56763d171a4dbeaf5e,,,,,85898.383,,,,10.606503621263846,-66.97743414608126,False,False,new_regenerate,New v2 feature has no matched v1 feature.
,aoi12_v2_00097,,97,,Damaged,,70,,4b41703fe5685a7a3a559ee50ce6cd81f1789c58c9ca6f65266874ea086ec671,,,,,8352.848,,,,10.605703410865662,-66.89571570508782,False,False,new_regenerate,New v2 feature has no matched v1 feature.
,aoi12_v2_00100,,100,,Damaged,,70,,2f4d13bb102ce8aa3011b23af95fa43fe93ba9040afb4a755dbb77b8d34e7a18,,,,,144391.259,,,,10.611149006927233,-66.85189023697201,False,False,new_regenerate,New v2 feature has no matched v1 feature.
,aoi12_v2_00102,,102,,Possibly damaged,,35,,99acb8739d2726b9ef2daa7e43ceef883f77475091ad777e16369ab10a636ddd,,,,,42282.5,,,,10.610106033071473,-66.87218608073319,False,False,new_regenerate,New v2 feature has no matched v1 feature.
,aoi12_v2_00105,,105,,Damaged,,70,,e587375c0aee27419a957ee8567abc969a6e40c2856e51f2401c393b1e2ba170,,,,,39662.192,,,,10.609581567585241,-66.83751835971222,False,False,new_regenerate,New v2 feature has no matched v1 feature.
,aoi12_v2_00107,,107,,Damaged,,70,,3d60c2976e6d5afce6e0e122083dceb5c2b66f790ccce9eba4c0ec780e750424,,,,,15749.35,,,,10.610520663831219,-66.82794194785205,False,False,new_regenerate,New v2 feature has no matched v1 feature.
,aoi12_v2_00110,,110,,Damaged,,70,,912b7a17abcb17ae15d6e2a693c40b1a085ad44d0b48f092aa9fc53aaf994462,,,,,109076.858,,,,10.611131926326722,-66.84002899084821,False,False,new_regenerate,New v2 feature has no matched v1 feature.
,aoi12_v2_00114,,114,,Damaged,,70,,4a078138d6a06c1cd53245014224e7be7e1f6638bbd7c88af443df3e0b8e48ed,,,,,14811.119,,,,10.609725754054539,-67.01578913602151,False,False,new_regenerate,New v2 feature has no matched v1 feature.
,aoi12_v2_00128,,128,,Damaged,,70,,760d3bed75b17e0a7349f4fbd29ee798ce1554f78a20c8818c43c1b797d7e9bf,,,,,2696.916,,,,10.612266426642764,-66.8340929462035,False,False,new_regenerate,New v2 feature has no matched v1 feature.
,aoi12_v2_00134,,134,,Possibly damaged,,35,,0b67484ba2d245da46fb2ebbdc8a5f54196cbc51d9586910d69fc229b3f293c0,,,,,8308.317,,,,10.611870410460988,-66.85008054397782,False,False,new_regenerate,New v2 feature has no matched v1 feature.
,aoi12_v2_00135,,135,,Possibly damaged,,35,,82193f559b7dbbe44677f252e3548c82ca504979c90c0d0083e6ba9cc15b9f09,,,,,5447.729,,,,10.612316748315354,-66.84907768318443,False,False,new_regenerate,New v2 feature has no matched v1 feature.
,aoi12_v2_00136,,136,,Damaged,,70,,6b0be538ea91767764361d7b1f1a3b57abcb191b2c21f75c40a593c37fe453b2,,,,,6048.954,,,,10.614083558952979,-66.86089565034719,False,False,new_regenerate,New v2 feature has no matched v1 feature.
,aoi12_v2_00137,,137,,Possibly damaged,,35,,deb9f26f0a4b94118ef1eb9a82f6b9bf78077441e0bc7df8fd0a23466acf4d26,,,,,9304.07,,,,10.615236999063773,-66.85856737192029,False,False,new_regenerate,New v2 feature has no matched v1 feature.
,aoi12_v2_00138,,138,,Possibly damaged,,35,,e3d5c499c3f1c6ae2398b50227d40c4163440c65ec96d22287216c1e17e23035,,,,,8563.288,,,,10.615450676633424,-66.85761202811831,False,False,new_regenerate,New v2 feature has no matched v1 feature.
,aoi12_v2_00140,,140,,Damaged,,70,,594b15e3be1b901d0e85a636d675d6ebf8d1794afb996323e2642bb8b58c69e8,,,,,37648.381,,,,10.615695796945557,-66.85348733777289,False,False,new_regenerate,New v2 feature has no matched v1 feature.
,aoi12_v2_00141,,141,,Damaged,,70,,e1347e34d25764821cd36b50764b9239f2705a827dda434770bf82e3c6da2e6e,,,,,4470.274,,,,10.616028025398728,-66.8574105201187,False,False,new_regenerate,New v2 feature has no matched v1 feature.
,aoi12_v2_00142,,142,,Damaged,,70,,0eb013d0597933173b7e81933fd37dc23852738dc5d1b18d53da3514d726e28c,,,,,9521.484,,,,10.615928582234035,-66.84833947130225,False,False,new_regenerate,New v2 feature has no matched v1 feature.
,aoi12_v2_00144,,144,,Damaged,,70,,8948b36a3aed2970c0ec14c1ee80fde8e539238b89f7f467aff9ae34f572db54,,,,,192827.482,,,,10.614256542948755,-66.8440938996202,False,False,new_regenerate,New v2 feature has no matched v1 feature.
,aoi12_v2_00148,,148,,Damaged,,70,,c5bf77815cd0399412fd9a37915ddc25bcddcb62f5b339874828a7c2a839e941,,,,,16309.893,,,,10.61565419424914,-66.84660566571957,False,False,new_regenerate,New v2 feature has no matched v1 feature.
,aoi12_v2_00154,,154,,Possibly damaged,,35,,2dbcee0de319d2f59354272fea28841bfe1b77c626d432e88f36f15b7a6fad91,,,,,9484.721,,,,10.616607446628425,-66.84827877286183,False,False,new_regenerate,New v2 feature has no matched v1 feature.
,aoi12_v2_00155,,155,,Possibly damaged,,35,,462cce58dfcfd91046af8dcb3d7a2575ed66e822d78ee2d66baf9d43d33a4397,,,,,8765.302,,,,10.616641203499684,-66.85409033326464,False,False,new_regenerate,New v2 feature has no matched v1 feature.
,aoi12_v2_00156,,156,,Possibly damaged,,35,,4124073cb539ae710330c30fe72373181517e7cdd7096d10e344c7c1a2ae0196,,,,,13340.431,,,,10.61678652916202,-66.85633246771287,False,False,new_regenerate,New v2 feature has no matched v1 feature.
,aoi12_v2_00157,,157,,Damaged,,70,,2b6998a97b5990569d9700b6eb46bb7374ef176135bd1b9c02cb580377d477e4,,,,,9604.542,,,,10.617109350596225,-66.84958453676899,False,False,new_regenerate,New v2 feature has no matched v1 feature.
,aoi12_v2_00158,,158,,Damaged,,70,,022b77aa236ea30fca5039b77883959a60b564626349446209e4fc40b4138fef,,,,,6332.765,,,,10.61716536998166,-66.85074229816482,False,False,new_regenerate,New v2 feature has no matched v1 feature.
,aoi12_v2_00159,,159,,Damaged,,70,,43323cf33a7fa73f45977f12cc1a78b9bbfcd36c0f32e8fe3d3a54e87cd2fbcc,,,,,9266.031,,,,10.617271488826239,-66.84831777750905,False,False,new_regenerate,New v2 feature has no matched v1 feature.
,aoi12_v2_00160,,160,,Damaged,,70,,4a17ebdc046aff0be52d3e6411f9254413d5f5fdec3cb6b869d8b1de5c962b1e,,,,,8370.442,,,,10.617267588564903,-66.85421485269089,False,False,new_regenerate,New v2 feature has no matched v1 feature.
,aoi12_v2_00162,,162,,Damaged,,70,,71744861a7a24b047f26098fc6230ee5e8061cd8b01d11c4f8415d4bdf8e4a9e,,,,,8741.223,,,,10.61778411572878,-66.84958704575283,False,False,new_regenerate,New v2 feature has no matched v1 feature.
