aoiCode,aoiName,coverageClass,product,productStatusCode,sensorType,sensor,resolutionClass,acquisitionUtc,distinctAcquisitionId,cogUrl,httpStatus,publiclyReadable,bytes,acceptRanges,productDownloadUrl
AOI00,Central Coastal Venezuela,regional-sar,GRM_PRODUCT,F,sar,Sentinel-1,HR+,2026-06-25T22:42:00,212ca3a1fe229e5d,https://rapidmapping-viewer.s3.eu-west-1.amazonaws.com/EMSR884/AOI00/GRM_PRODUCT/EMSR884_AOI00_GRM_PRODUCT_SENTINEL1_20260625_2242_ORTHO_cog.tif,403,False,0,,https://rapidmapping.emergency.copernicus.eu/backend/EMSR884/AOI00/GRM_PRODUCT/EMSR884_AOI00_GRM_PRODUCT_v2.zip
AOI00,Central Coastal Venezuela,regional-sar,GRM_PRODUCT,F,sar,Sentinel-1,HR+,2026-06-24T22:49:00,268edf99055065dd,https://rapidmapping-viewer.s3.eu-west-1.amazonaws.com/EMSR884/AOI00/GRM_PRODUCT/EMSR884_AOI00_GRM_PRODUCT_SENTINEL1_20260624_2249_ORTHO_cog.tif,403,False,0,,https://rapidmapping.emergency.copernicus.eu/backend/EMSR884/AOI00/GRM_PRODUCT/EMSR884_AOI00_GRM_PRODUCT_v2.zip
AOI01,Petare,local-vhr-optical,GRA_PRODUCT,N,optical,Legion,VHR1,2026-06-27T13:48:00,dc3626b27a871bde,https://rapidmapping-viewer.s3.eu-west-1.amazonaws.com/EMSR884/AOI01/GRA_PRODUCT/EMSR884_AOI01_GRA_PRODUCT_LEGION_20260627_1348_ORTHO_cog.tif,200,True,540730695,bytes,
AOI02,Caracas,local-vhr-optical,GRA_PRODUCT,F,optical,Pleiades Neo,VHR1,2026-06-25T14:59:00,b706279916ece0f1,https://rapidmapping-viewer.s3.eu-west-1.amazonaws.com/EMSR884/AOI02/GRA_PRODUCT/EMSR884_AOI02_GRA_PRODUCT_PNEO_20260625_1459_ORTHO_cog.tif,200,True,188120283,bytes,https://rapidmapping.emergency.copernicus.eu/backend/EMSR884/AOI02/GRA_PRODUCT/EMSR884_AOI02_GRA_PRODUCT_v1.zip
AOI02,Caracas,local-vhr-optical,GRA_MONIT01,F,optical,Pleiades Neo,VHR1,2026-06-26T15:19:00,8cd6ab9dc136b878,https://rapidmapping-viewer.s3.eu-west-1.amazonaws.com/EMSR884/AOI02/GRA_MONIT01/EMSR884_AOI02_GRA_MONIT01_PNEO_20260626_1519_ORTHO_cog.tif,200,True,308430340,bytes,https://rapidmapping.emergency.copernicus.eu/backend/EMSR884/AOI02/GRA_MONIT01/EMSR884_AOI02_GRA_MONIT01_v2.zip
AOI03,Antimano,local-vhr-optical,GRA_PRODUCT,N,optical,Legion,VHR1,2026-06-25T15:17:00,62ca0ff1ce812757,https://rapidmapping-viewer.s3.eu-west-1.amazonaws.com/EMSR884/AOI03/GRA_PRODUCT/EMSR884_AOI03_GRA_PRODUCT_LEGION_20260625_1517_ORTHO_cog.tif,200,True,267288991,bytes,
AOI04,Maracay,local-vhr-optical,GRA_PRODUCT,N,optical,WorldView-3,VHR1,2026-06-27T15:30:00,53dd2c77554cab5d,https://rapidmapping-viewer.s3.eu-west-1.amazonaws.com/EMSR884/AOI04/GRA_PRODUCT/EMSR884_AOI04_GRA_PRODUCT_WORLDVIEW3_20260627_1530_ORTHO_cog.tif,200,True,135509892,bytes,
AOI05,Santa Cruz,local-vhr-optical,GRA_PRODUCT,F,optical,WorldView-3,VHR1,2026-06-26T15:10:00,7decc78a0b50eda3,https://rapidmapping-viewer.s3.eu-west-1.amazonaws.com/EMSR884/AOI05/GRA_PRODUCT/EMSR884_AOI05_GRA_PRODUCT_WORLDVIEW3_20260626_1510_ORTHO_cog.tif,200,True,377353322,bytes,https://rapidmapping.emergency.copernicus.eu/backend/EMSR884/AOI05/GRA_PRODUCT/EMSR884_AOI05_GRA_PRODUCT_v1.zip
AOI05,Santa Cruz,local-vhr-optical,GRA_MONIT01,N,optical,WorldView-3,VHR1,2026-06-27T15:30:00,bce6be9964591a95,https://rapidmapping-viewer.s3.eu-west-1.amazonaws.com/EMSR884/AOI05/GRA_MONIT01/EMSR884_AOI05_GRA_MONIT01_WORLDVIEW3_20260627_1530_ORTHO_cog.tif,200,True,54153495,bytes,
AOI06,Moron,local-vhr-optical,GRA_MONIT01,F,optical,Legion,VHR1,2026-06-26T15:11:00,94e09f139b8d5d22,https://rapidmapping-viewer.s3.eu-west-1.amazonaws.com/EMSR884/AOI06/GRA_MONIT01/EMSR884_AOI06_GRA_MONIT01_LEGION_20260626_1511_ORTHO_cog.tif,200,True,258847448,bytes,https://rapidmapping.emergency.copernicus.eu/backend/EMSR884/AOI06/GRA_MONIT01/EMSR884_AOI06_GRA_MONIT01_v2.zip
AOI06,Moron,local-vhr-optical,GRA_PRODUCT,F,optical,Legion,VHR1,2026-06-25T20:36:00,9a4226b4592a1329,https://rapidmapping-viewer.s3.eu-west-1.amazonaws.com/EMSR884/AOI06/GRA_PRODUCT/EMSR884_AOI06_GRA_PRODUCT_LEGION_20260625_2036_ORTHO_cog.tif,200,True,311844612,bytes,https://rapidmapping.emergency.copernicus.eu/backend/EMSR884/AOI06/GRA_PRODUCT/EMSR884_AOI06_GRA_PRODUCT_v1.zip
AOI07,Puerto Cabello,local-vhr-optical,GRA_PRODUCT,N,optical,Legion,VHR1,2026-06-26T14:03:00,b7843836f17fbe1a,https://rapidmapping-viewer.s3.eu-west-1.amazonaws.com/EMSR884/AOI07/GRA_PRODUCT/EMSR884_AOI07_GRA_PRODUCT_LEGION_20260626_1403_ORTHO_cog.tif,200,True,470258272,bytes,
AOI07,Puerto Cabello,local-vhr-optical,GRA_MONIT01,N,optical,Legion,VHR1,2026-06-27T15:16:00,5fb12cb952d6f0cf,https://rapidmapping-viewer.s3.eu-west-1.amazonaws.com/EMSR884/AOI07/GRA_MONIT01/EMSR884_AOI07_GRA_MONIT01_LEGION_20260627_1516_ORTHO_cog.tif,200,True,718023496,bytes,
AOI08,San Felipe,local-vhr-optical,GRA_PRODUCT,F,optical,Pleiades Neo,VHR1,2026-06-25T15:00:00,c0c17dcaf6753dba,https://rapidmapping-viewer.s3.eu-west-1.amazonaws.com/EMSR884/AOI08/GRA_PRODUCT/EMSR884_AOI08_GRA_PRODUCT_PNEO_20260625_1500_ORTHO_cog.tif,200,True,222077456,bytes,https://rapidmapping.emergency.copernicus.eu/backend/EMSR884/AOI08/GRA_PRODUCT/EMSR884_AOI08_GRA_PRODUCT_v1.zip
AOI08,San Felipe,local-vhr-optical,GRA_PRODUCT,F,optical,Legion,VHR1,2026-06-25T20:37:00,cb2456d71fdcb923,https://rapidmapping-viewer.s3.eu-west-1.amazonaws.com/EMSR884/AOI08/GRA_PRODUCT/EMSR884_AOI08_GRA_PRODUCT_LEGION_20260625_2037_ORTHO_cog.tif,200,True,271918321,bytes,https://rapidmapping.emergency.copernicus.eu/backend/EMSR884/AOI08/GRA_PRODUCT/EMSR884_AOI08_GRA_PRODUCT_v1.zip
AOI08,San Felipe,local-vhr-optical,GRA_MONIT01,F,optical,Legion,VHR1,2026-06-26T20:20:00,cd14d6356b00074c,https://rapidmapping-viewer.s3.eu-west-1.amazonaws.com/EMSR884/AOI08/GRA_MONIT01/EMSR884_AOI08_GRA_MONIT01_LEGION_20260626_2020_ORTHO_cog.tif,200,True,211884738,bytes,https://rapidmapping.emergency.copernicus.eu/backend/EMSR884/AOI08/GRA_MONIT01/EMSR884_AOI08_GRA_MONIT01_v2.zip
AOI08,San Felipe,local-vhr-optical,GRA_MONIT01,F,optical,Pleiades Neo,VHR1,2026-06-26T15:18:00,408d1f23c9c61b80,https://rapidmapping-viewer.s3.eu-west-1.amazonaws.com/EMSR884/AOI08/GRA_MONIT01/EMSR884_AOI08_GRA_MONIT01_PNEO_20260626_1518_ORTHO_cog.tif,200,True,281758142,bytes,https://rapidmapping.emergency.copernicus.eu/backend/EMSR884/AOI08/GRA_MONIT01/EMSR884_AOI08_GRA_MONIT01_v2.zip
AOI08,San Felipe,local-vhr-optical,GRA_MONIT02,N,optical,Legion,VHR1,2026-07-05T15:17:00,c2594249f0648ca9,https://rapidmapping-viewer.s3.eu-west-1.amazonaws.com/EMSR884/AOI08/GRA_MONIT02/EMSR884_AOI08_GRA_MONIT02_WORLDVIEW2_20260705_1517_ORTHO_cog.tif,200,True,282652188,bytes,
AOI09,Valencia,local-vhr-optical,GRA_PRODUCT,N,optical,Legion,VHR1,2026-06-26T14:04:00,46ab9c9145b8417b,https://rapidmapping-viewer.s3.eu-west-1.amazonaws.com/EMSR884/AOI09/GRA_PRODUCT/EMSR884_AOI09_GRA_PRODUCT_LEGION_20260626_1404_ORTHO_cog.tif,200,True,1102729826,bytes,
AOI10,Guacara,local-vhr-optical,GRA_PRODUCT,N,optical,Pleiades Neo,VHR1,2026-06-25T14:59:00,806225888295e739,https://rapidmapping-viewer.s3.eu-west-1.amazonaws.com/EMSR884/AOI10/GRA_PRODUCT/EMSR884_AOI10_GRA_PRODUCT_PNEO_20260625_1459_ORTHO_cog.tif,200,True,706216767,bytes,
AOI11,Villa de Cura,local-vhr-optical,GRA_PRODUCT,N,optical,Pleiades Neo,VHR1,2026-06-26T15:19:00,61f7e533f510499e,https://rapidmapping-viewer.s3.eu-west-1.amazonaws.com/EMSR884/AOI11/GRA_PRODUCT/EMSR884_AOI11_GRA_PRODUCT_PNEO_20260626_1519_ORTHO_cog.tif,200,True,955020223,bytes,
AOI12,Caraballeda,local-vhr-optical,GRA_MONIT02,F,optical,GeoEye-1,VHR1,2026-07-05T15:05:00,33ad99039da80930,https://rapidmapping-viewer.s3.eu-west-1.amazonaws.com/EMSR884/AOI12/GRA_MONIT02/EMSR884_AOI12_GRA_MONIT02_GEOEYE1_20260705_1505_ORTHO_cog.tif,200,True,109259109,bytes,https://rapidmapping.emergency.copernicus.eu/backend/EMSR884/AOI12/GRA_MONIT02/EMSR884_AOI12_GRA_MONIT02_v1.zip
AOI12,Caraballeda,local-vhr-optical,GRA_MONIT01,F,optical,Legion,VHR1,2026-06-26T15:10:00,a823346bb546255f,https://rapidmapping-viewer.s3.eu-west-1.amazonaws.com/EMSR884/AOI12/GRA_MONIT01/EMSR884_AOI12_GRA_MONIT01_LEGION_20260626_1510_ORTHO_cog.tif,200,True,916351360,bytes,https://rapidmapping.emergency.copernicus.eu/backend/EMSR884/AOI12/GRA_MONIT01/EMSR884_AOI12_GRA_MONIT01_v3.zip
AOI12,Caraballeda,local-vhr-optical,GRA_PRODUCT,F,optical,Legion,VHR1,2026-06-26T15:10:00,a823346bb546255f,https://rapidmapping-viewer.s3.eu-west-1.amazonaws.com/EMSR884/AOI12/GRA_PRODUCT/EMSR884_AOI12_GRA_PRODUCT_LEGION_20260626_1510_ORTHO_cog.tif,200,True,916351360,bytes,https://rapidmapping.emergency.copernicus.eu/backend/EMSR884/AOI12/GRA_PRODUCT/EMSR884_AOI12_GRA_PRODUCT_v2.zip
