rank,cell_id,center_lat,center_lon,response_class,confidence,human_review_priority,first_visible_date,last_absent_date,observed_assets,temporal_change,evidence,image_quality,alignment_quality,uncertainty_reason,scene_ids,human_status,human_finding,human_notes
1,aoi12_r009_c057,10.61301516,-66.83690293,likely_response_signal,0.85,high,2026-06-26T15:10:00Z,2025-11-03/2026-03-21/2026-04-07,"large-scale rubble and collapsed structures in central area | white smoke or dust plume near central debris field | temporary tent-like structures on cleared ground | organized material staging area adjacent to damaged zone | emergency vehicles (ambulances, fire trucks) near roads",significant structural damage and debris visible post-event; presence of emergency response assets and activity,"Post-event images show widespread destruction not present in pre-event mosaic. Visible signs include extensive rubble, smoke/dust, temporary shelters, and emergency vehicles. The June 29 images confirm persistence of response activities. No response signal visible in usable pixels.",good,good,"Minor alignment discrepancies between sensors; cloud cover in some areas may obscure details; two June 29 images slightly differ due to sensor angle, but overall evidence is consistent.",VANTOR_PRE_EVENT_MOSAIC | COPERNICUS_LEGION_20260626 | VANTOR_B140001100B5C810_20260629 | VANTOR_B140001100B5C710_20260629 | COPERNICUS_GEOEYE1_20260705,pending,,
2,aoi12_r010_c054,10.61742986,-66.85037766,likely_response_signal,0.85,high,2026-06-26T15:10:00Z,2025-11-03/2026-03-21/2026-04-07,"large pile of rubble and debris in the upper right quadrant, adjacent to the main road, not present in pre-event image | multiple white and light-colored temporary structures or tents visible in the upper right quadrant, not present in pre-event image | organized staging of materials and vehicles near the rubble pile, including what appear to be dump trucks and heavy equipment | newly cleared or widened roadways or access paths near the debris zone, suggesting active site clearance | concentration of vehicles (including possible emergency or utility trucks) along the main road and in the debris zone, not seen in pre-event image","significant structural damage and debris accumulation in the upper right quadrant, with visible emergency response infrastructure and activity by June 26, persisting through June 29","pre-event image shows intact buildings and no debris or temporary structures in the upper right quadrant; post-event images from June 26 and June 29 show extensive rubble, temporary shelters, and organized response activity in the same area, indicating a likely emergency response to the June 24 earthquake",good,good,"none — images are well-aligned, clear, and show consistent changes across multiple post-event dates; no cloud or sensor artifacts obscure key features",VANTOR_PRE_EVENT_MOSAIC | COPERNICUS_LEGION_20260626 | VANTOR_B140001100B5C810_20260629 | VANTOR_B140001100B5C710_20260629 | COPERNICUS_GEOEYE1_20260705,pending,,
3,aoi12_r010_c055,10.61742986,-66.84588608,likely_response_signal,0.85,high,2026-06-26T15:10:00Z,2025-11-03/2026-03-21/2026-04-07,"multiple large excavators and loaders visible in the central and northern parts of the grid cell | dump trucks and heavy transport vehicles present near the main road and construction zones | organized staging of construction materials and debris piles in multiple locations | temporary structures or tents visible near the central intersection and along the waterfront | road clearance and reconfiguration evident along the curved highway, with new access lanes and cleared rubble",significant post-event changes in land use and vehicle presence compared to pre-event mosaic; new construction and debris management activities are evident by June 29,"pre-event images show no heavy machinery, temporary structures, or organized debris piles; post-event images from June 26 and June 29 show widespread presence of excavators, loaders, dump trucks, and temporary shelters, indicating active emergency response and recovery operations",good,good,none,VANTOR_PRE_EVENT_MOSAIC | COPERNICUS_LEGION_20260626 | VANTOR_B140001100B5C810_20260629 | VANTOR_B140001100B5C710_20260629 | COPERNICUS_GEOEYE1_20260705,pending,,
4,aoi12_r006_c018,10.59977064,-67.01207441,possible_response_signal,0.75,high,2026-06-27T13:48:10Z,2025-11-03/2026-03-21/2026-04-07,two aircraft on tarmac at airfield | organized material staging near aircraft | small vehicles near staging area,new assets appear post-event,"In the pre-event mosaic (2025-11-03/2026-03-21/2026-04-07), no aircraft or organized response materials are visible on the tarmac. On 2026-06-27, two aircraft and a staging of white materials appear on the tarmac, consistent with emergency response activity. The earlier post-event image (2026-06-26) shows no such assets. The July 5 image is blank due to cloud cover, preventing confirmation of persistence.",good,good,"The June 26 image shows no response assets, but the June 27 image does; however, the difference may be due to sensor resolution, viewing angle, or cloud cover rather than actual deployment timing. The July 5 image is unusable due to cloud cover.",VANTOR_PRE_EVENT_MOSAIC | COPERNICUS_LEGION_20260626 | VANTOR_B15000110186C610_20260627 | COPERNICUS_GEOEYE1_20260705,pending,,
5,aoi12_r006_c025,10.59977064,-66.98063337,possible_response_signal,0.65,high,2026-06-26T15:10:00Z,2025-11-03/2026-03-21/2026-04-07,large temporary vehicle staging area near airport terminal | multiple yellow construction vehicles (excavators/loaders) visible near roads and open ground | organized material piles and debris clearing activity in lower-left quadrant | increased presence of white utility or support trucks near airport perimeter,significant increase in ground-level activity and vehicle concentration post-event,"Comparison between pre-event mosaic (2025-11-03/2026-03-21/2026-04-07) and post-event image (2026-06-26T15:10:00Z) shows new heavy machinery, organized staging areas, and increased transport vehicles not present in the reference. These are consistent with emergency response operations. The subsequent image on 2026-06-27T13:48:10Z confirms persistence of these assets. The July 5 image is blanked out and does not contribute evidence.",good,good,"The images are from different sensors and have varying resolutions and viewing angles; while alignment appears good, cloud cover or compression artifacts may obscure details in some areas. The absence of response signals in the pre-event image cannot be definitively confirmed due to possible sensor limitations.",VANTOR_PRE_EVENT_MOSAIC | COPERNICUS_LEGION_20260626 | VANTOR_B15000110186C610_20260627 | COPERNICUS_GEOEYE1_20260705,pending,,
6,aoi12_r006_c033,10.59977064,-66.94470076,possible_response_signal,0.65,high,2026-06-26T15:10:00Z,2025-11-03/2026-03-21/2026-04-07,"large ship docked at pier, possibly military or support vessel | organized material staging with containers and temporary structures near the port | visible road clearance activity on access roads | presence of multiple vehicles consistent with emergency response or logistics operations",significant change in vessel presence and ground activity post-event,Post-event images show a large ship docked at the pier not visible in pre-event mosaic; organized material staging and vehicle activity appear after the event. The June 29 image is partially obscured but shows similar patterns. Cloud cover in July 5 image prevents definitive assessment of persistence.,good,good,"Cloud cover in the final image (July 5) obscures visibility, preventing confirmation of persistence; alignment and sensor differences introduce uncertainty in direct comparison.",VANTOR_PRE_EVENT_MOSAIC | COPERNICUS_LEGION_20260626 | VANTOR_B140001100B5C810_20260629 | COPERNICUS_GEOEYE1_20260705,pending,,
7,aoi12_r007_c017,10.60418555,-67.01656598,possible_response_signal,0.65,high,2026-06-26T15:10:00Z,2025-11-03/2026-03-21/2026-04-07,large organized line of vehicles on road | temporary structures or tents near road edge | small groups of people near staging area,increase in vehicle density and human activity post-event,"In the pre-event image (2025-11-03/2026-03-21/2026-04-07), the area shows no organized response assets. In the June 26 image, a long line of vehicles is visible along the road, consistent with emergency or logistics convoys. A small temporary structure and several people are also present, suggesting active site use. The June 27 image confirms continued presence. The July 5 image is unusable due to cloud cover.",good,good,The July 5 image is completely obscured by clouds; alignment between sensors is good but not perfect. The observed assets could be related to routine operations rather than emergency response.,VANTOR_PRE_EVENT_MOSAIC | COPERNICUS_LEGION_20260626 | VANTOR_B15000110186C610_20260627 | COPERNICUS_GEOEYE1_20260705,pending,,
8,aoi12_r007_c042,10.60418555,-66.90427657,possible_response_signal,0.65,high,2026-06-29T14:09:55Z,2026-06-26T15:10:00Z,temporary tents and shelters in parking lot area | organized material staging near coastal road | emergency response vehicles or trucks in parking lot,significant increase in temporary structures and organized activity between June 26 and June 29,"In the June 26 image, the coastal parking area is largely empty with only permanent structures visible. In the June 29 image, multiple temporary white and red tents are present, along with what appears to be organized staging of materials and vehicles consistent with emergency response operations. The July 5 image is too low quality for reliable assessment.",good,good,"The June 29 image shows clear signs of response activity, but the sensor (LG04) differs from the pre-event Legion image, and cloud cover may affect visibility; additionally, the July 5 image is unusable due to poor quality.",COPERNICUS_LEGION_20260626 | VANTOR_B140001100B5C810_20260629 | COPERNICUS_GEOEYE1_20260705,pending,,
9,aoi12_r008_c015,10.60860038,-67.02554914,possible_response_signal,0.65,high,2026-06-26T15:10:00Z,2025-11-03/2026-03-21/2026-04-07,"large temporary structure or tent assembly near coastal area in image 2 | organized material staging with multiple white and colored containers in image 2 | increased vehicle density on roads, including potential emergency vehicles, in image 2 | visible construction equipment (excavator or loader) near the coast in image 2 | temporary shelters or structures near central community area in image 3","significant changes in activity and asset presence between pre-event and post-event images, particularly around June 26–27","In the pre-event image (2025-11-03/2026-03-21/2026-04-07), no response assets are visible. In the June 26 image, there is clear evidence of organized activity: a large temporary structure or tent, material staging, increased traffic, and construction equipment near the coast—consistent with emergency response operations. The June 27 image shows continued presence of temporary structures. The July 5 image is obscured by clouds, making assessment impossible. Therefore, while not definitive, the observed changes are consistent with a possible response signal.",good,good,"The July 5 image is heavily cloud-covered, preventing assessment of persistence. While the June 26 and June 27 images show signs of response activity, some features (e.g., specific vehicle types) cannot be definitively identified due to resolution and sensor differences. Alignment quality is good but not perfect, and the pre-event reference spans multiple dates, which may introduce minor inconsistencies.",VANTOR_PRE_EVENT_MOSAIC | COPERNICUS_LEGION_20260626 | VANTOR_B15000110186C610_20260627 | COPERNICUS_GEOEYE1_20260705,pending,,
10,aoi12_r008_c017,10.60860038,-67.01656598,possible_response_signal,0.65,high,2026-06-26T15:10:00Z,2025-11-03/2026-03-21/2026-04-07,large-scale rubble and collapsed structures in central grid cell | temporary tents or shelters near road intersections | organized material staging areas along main roads | ambulances and emergency vehicles near damaged buildings,"significant structural damage and debris visible post-event, with signs of organized response activities","Post-event images show widespread destruction consistent with earthquake impact; evidence of response assets such as temporary shelters, staged materials, and emergency vehicles appears on June 26 and persists through June 27. The July 5 image is obscured by cloud cover and cannot be used to confirm continuity. Pre-event image shows no such response infrastructure.",good,good,"Image 4 (July 5) is heavily cloud-covered, preventing reliable assessment of ongoing response activities. Alignment between sensors may introduce minor misregistration, though the core area remains comparable.",VANTOR_PRE_EVENT_MOSAIC | COPERNICUS_LEGION_20260626 | VANTOR_B15000110186C610_20260627 | COPERNICUS_GEOEYE1_20260705,pending,,
11,aoi12_r008_c018,10.60860038,-67.01207441,possible_response_signal,0.65,high,2026-06-26T15:10:00Z,2025-11-03/2026-03-21/2026-04-07,large-scale rubble and collapsed structures in central and upper portions of the image | disrupted roadways with visible debris and blocked sections | temporary shelter-like structures or tarp-covered areas near lower-right edge | organized material staging on the right side of the image,significant structural damage and debris field evident post-event compared to pre-event condition,"Post-event images show widespread destruction, including collapsed buildings and debris fields, consistent with earthquake impact. Some organized material staging and temporary shelters are visible in the June 26 and June 27 images. The July 5 image is obscured by cloud cover, preventing assessment of persistence. Pre-event image shows intact urban fabric without such features.",good,good,"The July 5 image is heavily obscured by cloud cover, limiting assessment of response continuity; sensor differences and potential misalignment between some scenes introduce uncertainty in precise asset identification.",VANTOR_PRE_EVENT_MOSAIC | COPERNICUS_LEGION_20260626 | VANTOR_B15000110186C610_20260627 | COPERNICUS_GEOEYE1_20260705,pending,,
12,aoi12_r009_c055,10.61301516,-66.84588608,possible_response_signal,0.65,high,2026-06-29T14:09:55Z,2026-06-26T15:10:00Z,large-scale rubble and debris clearing in central area | excavator visible on cleared ground near eastern edge | temporary structures or tents near central road intersection | organized material staging areas adjacent to damaged buildings,"significant change from pre-event condition, including widespread demolition and active clearing","The pre-event image (2025-11-03/2026-03-21/2026-04-07) shows intact residential area with no response assets. The June 26 image is heavily obscured by clouds, preventing assessment. The June 29 images show clear evidence of large-scale demolition, extensive rubble, an excavator operating in a cleared zone, and temporary shelters or staging areas consistent with emergency response activities. The July 5 image confirms persistence of these conditions but does not establish first arrival. No response assets are visible in the pre-event reference.",good,good,"Cloud cover in the June 26 image prevents direct comparison; alignment between sensors varies slightly, and resolution differences affect confidence in asset identification.",VANTOR_PRE_EVENT_MOSAIC | COPERNICUS_LEGION_20260626 | VANTOR_B140001100B5C810_20260629 | VANTOR_B140001100B5C710_20260629 | COPERNICUS_GEOEYE1_20260705,pending,,
13,aoi12_r009_c056,10.61301516,-66.8413945,possible_response_signal,0.65,high,2026-06-26T15:10:00Z,2025-11-03/2026-03-21/2026-04-07,large-scale rubble and collapsed structures in central area | organized material staging near roads | temporary tents or shelters on open ground | concentration of vehicles including trucks and emergency units | road clearance activity visible on main thoroughfare,significant destruction and emergence of temporary response infrastructure post-event,"Post-event images show widespread structural damage, debris piles, and organized activity consistent with emergency response. Temporary shelters and vehicle clusters appear on June 26 and persist through June 29. The July 5 image confirms continued presence but cannot confirm first arrival. Pre-event image shows no such features.",good,good,Disagreement between two June 29 images due to sensor differences and possible cloud cover; limited visibility in some areas prevents definitive assessment of all response assets.,VANTOR_PRE_EVENT_MOSAIC | COPERNICUS_LEGION_20260626 | VANTOR_B140001100B5C810_20260629 | VANTOR_B140001100B5C710_20260629 | COPERNICUS_GEOEYE1_20260705,pending,,
14,aoi12_r006_c015,10.59977064,-67.02554914,possible_response_signal,0.6,high,2026-06-26T15:10:00Z,2025-11-03/2026-03-21/2026-04-07,large white temporary structure near central road | organized material staging area near red-roofed buildings | ambulance or emergency vehicle near central road | increased vehicle density on main roads,visible changes in vehicle distribution and presence of temporary structures compared to pre-event image,"Post-event images show increased activity including a large white temporary structure, organized material staging, and more vehicles consistent with response operations. These are not visible in the pre-event reference mosaic. The cloud-covered image on July 5 prevents confirmation of persistence.",good,good,Cloud cover in the final image obscures the scene; sensor differences and resolution variations between images limit definitive assessment of all changes.,VANTOR_PRE_EVENT_MOSAIC | COPERNICUS_LEGION_20260626 | VANTOR_B15000110186C610_20260627 | COPERNICUS_GEOEYE1_20260705,pending,,
15,aoi12_r006_c035,10.59977064,-66.93571761,possible_response_signal,0.6,high,2026-06-26T15:10:00Z,2025-11-03/2026-03-21/2026-04-07,large organized gathering of vehicles near port area | temporary structures or shelters near residential zone | road clearance activity along access road | organized material staging in open area,visible changes in vehicle distribution and potential site organization post-event,"Post-event images (June 26 and June 29) show increased vehicle concentration, organized staging areas, and possible temporary structures not visible in the pre-event image. The July 5 image is obscured by cloud cover, preventing assessment of persistence.",good,good,Disagreement between June 29 and June 26 scenes due to cloud cover and sensor differences; limited visibility in final image prevents confirmation of response continuity.,VANTOR_PRE_EVENT_MOSAIC | COPERNICUS_LEGION_20260626 | VANTOR_B140001100B5C810_20260629 | COPERNICUS_GEOEYE1_20260705,pending,,
16,aoi12_r007_c019,10.60418555,-67.00758283,possible_response_signal,0.6,high,2026-06-26T15:10:00Z,,"small white vehicle on runway in image from June 27, 2026 | temporary staging of equipment and vehicles near tree line in image from June 26, 2026","presence of temporary staging and a small white vehicle on the runway after June 24, 2026 earthquake","In the pre-event image (2025-11-03), no response assets are visible. In the June 26 image, there is clear evidence of temporary staging with vehicles and equipment near the tree line, consistent with emergency response activities. A small white vehicle is also visible on the runway in the June 27 image. The July 5 image is too degraded for analysis. The observed changes are not consistent with normal operations or permanent infrastructure.",good,good,"The images differ in sensor type, resolution, and viewing angle, making direct comparison challenging. The June 27 image shows a single vehicle that could be part of routine operations. Cloud cover and image quality in the final image prevent confirmation of persistence.",VANTOR_PRE_EVENT_MOSAIC | COPERNICUS_LEGION_20260626 | VANTOR_B15000110186C610_20260627 | COPERNICUS_GEOEYE1_20260705,pending,,
17,aoi12_r008_c060,10.60860038,-66.8234282,possible_response_signal,0.6,high,2026-06-26T15:10:00Z,2025-11-03/2026-03-21/2026-04-07,newly exposed earth and erosion patterns on hillside | multiple winding tracks or paths cut through vegetation on hillside | possible small vehicle or equipment near top of hillside in June 29 image (uncertain due to resolution and vegetation),"significant land cover change on hillside between pre-event and post-event images; vegetation removed, soil exposed, new tracks visible","pre-event image shows dense vegetation on hillside; post-event images (June 26 and 29) show extensive clearing, exposed soil, and new tracks, suggesting ground disturbance consistent with emergency response or landslide mitigation activity. No clear response vehicles or structures are visible, but the scale of change is consistent with organized activity. June 29 images show slight variation in cloud cover and shadowing, but overall change is consistent across scenes.",moderate,good,"low resolution and vegetation cover obscure definitive identification of response assets; change could be due to natural landslide or pre-existing but undocumented activity; June 29 images show minor differences in coverage and cloud, but overall pattern is consistent. No definitive response vehicles or structures are visible.",VANTOR_PRE_EVENT_MOSAIC | COPERNICUS_LEGION_20260626 | VANTOR_B140001100B5C810_20260629 | VANTOR_B140001100B5C710_20260629 | COPERNICUS_GEOEYE1_20260705,pending,,
18,aoi12_r010_c056,10.61742986,-66.8413945,possible_response_signal,0.6,high,2026-06-26T15:10:00Z,,large-scale debris and structural damage in industrial area adjacent to marina | visible disruption and possible excavation activity on land near the harbor entrance,"significant change between pre-event (2025-11-03) and post-event (2026-06-26) images, including widespread destruction in the eastern part of the grid cell","The pre-event image shows a normal port and industrial area with no signs of emergency response. In the June 26 image, extensive structural collapse and debris are visible in the upper-right portion of the frame, consistent with earthquake damage. The same area appears relatively unchanged in the two June 29 images, but with persistent damage. No clear response assets such as vehicles, tents, or organized staging are visible in any image. The July 5 image is blank/white and cannot be used for analysis. While there is evidence of damage, there is no direct visual confirmation of response assets like cranes, trucks, or shelters.",good,good,Disagreement between the two June 29 images due to cloud cover and sensor differences; lack of visible response assets despite clear damage; inability to confirm presence of response equipment; final image is unusable.,VANTOR_PRE_EVENT_MOSAIC | COPERNICUS_LEGION_20260626 | VANTOR_B140001100B5C810_20260629 | VANTOR_B140001100B5C710_20260629 | COPERNICUS_GEOEYE1_20260705,pending,,
19,aoi12_r003_c007,10.58652556,-67.06148175,possible_response_signal,0.65,medium,2026-06-26T15:10:00Z,2025-11-03/2026-03-21/2026-04-07,large blue temporary tent structures visible in post-event images | organized material staging area near central road,presence of large blue temporary tents and organized material staging appears after pre-event image,"Blue temporary tent structures and organized material staging are not present in the pre-event mosaic but appear in the June 26 and July 5 images, indicating potential emergency response activity. The structures are consistent with shelter or logistics use. No other response assets such as vehicles or heavy machinery are clearly visible.",good,good,Limited resolution and sensor differences between images make definitive attribution difficult; no ground-truth confirmation available; some features may be ambiguous.,VANTOR_PRE_EVENT_MOSAIC | COPERNICUS_LEGION_20260626 | COPERNICUS_GEOEYE1_20260705,pending,,
20,aoi12_r003_c010,10.58652556,-67.04800702,possible_response_signal,0.65,medium,2026-06-26T15:10:00Z,2025-11-03/2026-03-21/2026-04-07,small temporary white tents near stadium entrance | group of vehicles and personnel on football field | organized material staging near stadium perimeter,"presence of temporary structures, vehicle clusters, and activity on the football field in post-event images not seen in pre-event","Post-event image (2026-06-26) shows temporary white tents, a group of vehicles and personnel on the football field, and organized material staging near the stadium—consistent with emergency response activities. These are absent in the pre-event mosaic. The July 5 image confirms persistence but does not establish first arrival. No other assets indicate non-response use.",good,good,Slight cloud cover in the July 5 image; limited resolution prevents definitive identification of individual equipment types.,VANTOR_PRE_EVENT_MOSAIC | COPERNICUS_LEGION_20260626 | COPERNICUS_GEOEYE1_20260705,pending,,
21,aoi12_r004_c008,10.59094065,-67.05699017,possible_response_signal,0.65,medium,2026-06-26T15:10:00Z,2025-11-03/2026-03-21/2026-04-07,large organized cargo container staging in industrial area | temporary white tent structure near road junction | increased number of parked vehicles in industrial zone,significant increase in container and vehicle density in industrial area post-event,"In the pre-event image (2025-11-03/2026-03-21/2026-04-07), the industrial area shows no significant container or temporary structures. In the June 26 image, a large concentration of shipping containers and a temporary white tent are visible. The July 5 image confirms persistence of these assets. No response-specific vehicles like ambulances, cranes, or fire trucks are visible.",good,good,Slight misalignment between images; some features may be due to normal logistics activity rather than emergency response. Cloud cover not present but resolution differences between sensors affect confidence.,VANTOR_PRE_EVENT_MOSAIC | COPERNICUS_LEGION_20260626 | COPERNICUS_GEOEYE1_20260705,pending,,
22,aoi12_r004_c011,10.59094065,-67.04351544,possible_response_signal,0.65,medium,2026-06-26T15:10:00Z,2025-11-03/2026-03-21/2026-04-07,temporary structures or tents near red-roofed buildings | organized material staging area adjacent to main complex | additional vehicles or equipment in parking areas not present in pre-event image,visible changes in ground use and potential temporary infrastructure post-2026-06-26,"Comparison between the pre-event mosaic (2025-11-03/2026-03-21/2026-04-07) and the post-event image from 2026-06-26 shows new temporary structures and organized material staging, suggesting possible response activity. The July 5 image confirms persistence but does not establish first arrival. No clear response assets are visible in the pre-event image.",good,good,Limited temporal resolution and potential sensor differences; no definitive confirmation of emergency response vehicles or personnel; some features could be related to routine operations.,VANTOR_PRE_EVENT_MOSAIC | COPERNICUS_LEGION_20260626 | COPERNICUS_GEOEYE1_20260705,pending,,
23,aoi12_r004_c038,10.59094065,-66.92224288,possible_response_signal,0.65,medium,2026-06-26T15:10:00Z,2025-11-03/2026-03-21/2026-04-07,small white vehicles near cleared area | temporary structures or tents in cleared area | potential road clearing activity,increase in visible assets and land disturbance between pre-event and post-event images,"In the pre-event image (2025-11-03/2026-03-21/2026-04-07), the area shows natural terrain with minimal disturbance. In the June 26 image, a cleared patch appears with several small white vehicles and what may be temporary shelters or tents. The June 29 image confirms similar features, though partial cloud cover limits visibility. The July 5 image is largely unusable due to severe data loss (blanked area). No permanent infrastructure or industrial equipment is evident in any image. The observed changes are consistent with initial response activities.",good,good,Disagreement between June 26 and June 29 images due to cloud coverage and sensor differences; limited visibility in June 29 image prevents definitive confirmation of persistence; July 5 image has significant data loss.,VANTOR_PRE_EVENT_MOSAIC | COPERNICUS_LEGION_20260626 | VANTOR_B140001100B5C810_20260629 | COPERNICUS_GEOEYE1_20260705,pending,,
24,aoi12_r006_c011,10.59977064,-67.04351544,possible_response_signal,0.65,medium,2026-06-26T15:10:00Z,2025-11-03/2026-03-21/2026-04-07,small boats and vessels clustered in the marina area | temporary structures or shelters near the waterfront | organized material staging or debris clearing on the beach | roadside activity consistent with emergency vehicle movement,visible changes in marina use and beach area since pre-event mosaic,"Post-event image (2026-06-26) shows increased vessel presence, organized activity near the harbor, and possible temporary shelters not evident in the pre-event mosaic. No large response vehicles or heavy machinery are clearly visible. Changes are suggestive of a response effort but lack definitive indicators such as excavators, ambulances, or large convoys. The July 5 image shows persistence of some activity but cannot confirm first-72-hour arrival.",good,good,Limited resolution and sensor differences between images; no clear evidence of large-scale response assets; some features could be pre-existing or non-response related.,VANTOR_PRE_EVENT_MOSAIC | COPERNICUS_LEGION_20260626 | COPERNICUS_GEOEYE1_20260705,pending,,
25,aoi12_r006_c014,10.59977064,-67.03004071,possible_response_signal,0.65,medium,2026-06-26T15:10:00Z,2025-11-03/2026-03-21/2026-04-07,large temporary white tent structures near central open area in image 2 and 3 | organized material staging on paved surface in central area in image 2 and 3 | small vehicles clustered near temporary tents in image 2 and 3 | visible change in ground use in central open area between pre-event and post-event images,"presence of temporary tents, organized staging, and vehicle clusters appears after the pre-event reference, consistent with response activity.","In the pre-event image (2025-11-03/2026-03-21/2026-04-07), the central open area is bare or used for non-response purposes. In the June 26 image, large temporary white tents, organized material piles, and clustered vehicles are visible in this same area. The June 27 image confirms these features persist. The July 5 image shows a similar scene but is partially obscured by cloud; however, the persistence from June 26 to June 27 supports ongoing activity. No response assets are visible in the pre-event image. The changes are not attributable to permanent infrastructure. While the imagery quality is sufficient to identify these features, the lack of definitive emergency vehicles or heavy machinery prevents a higher confidence classification.",good,good,"The observed changes (tents, staging, vehicles) are consistent with response activities but do not constitute unambiguous evidence of emergency response equipment such as cranes, ambulances, or large-scale clearing operations. Cloud cover in the final image limits confirmation of persistence beyond June 27. Alignment between sensors is good but not perfect, and some features may be artifacts of different resolutions or viewing angles.",VANTOR_PRE_EVENT_MOSAIC | COPERNICUS_LEGION_20260626 | VANTOR_B15000110186C610_20260627 | COPERNICUS_GEOEYE1_20260705,pending,,
26,aoi12_r006_c020,10.59977064,-67.00309125,possible_response_signal,0.65,medium,2026-06-26T15:10:00Z,,small vehicles near aircraft at gates | ground support equipment at aircraft stands | increased activity around terminal area,minor increase in ground vehicle presence and aircraft operations compared to pre-event,"In the June 26 image, there is a visible increase in ground vehicles and operational activity around aircraft at the gates compared to the pre-event image. The aircraft positions are consistent with normal airport operations, but the number of service vehicles and personnel near the planes suggests an active response environment. No large emergency response assets such as cranes, temporary shelters, or organized material staging are visible. The July 5 image is obscured by cloud cover, preventing assessment.",good,good,Cloud cover in the final image prevents confirmation of persistence; minor changes may be within normal operational variation.,VANTOR_PRE_EVENT_MOSAIC | COPERNICUS_LEGION_20260626 | VANTOR_B15000110186C610_20260627 | COPERNICUS_GEOEYE1_20260705,pending,,
27,aoi12_r006_c021,10.59977064,-66.99859968,possible_response_signal,0.65,medium,2026-06-26T15:10:00Z,,small temporary structures near central building | additional vehicles near central compound | new material staging area adjacent to runway | organized vehicle movement near access road,increased activity and organization in the central compound and adjacent areas post-event compared to pre-event image,"In the June 26 image, there is visible evidence of organized activity including small temporary structures, additional vehicles, and material staging that were not present in the pre-event mosaic (2025-11-03/2026-03-21/2026-04-07). These elements suggest a response presence. The June 27 image shows continued activity with similar assets. The July 5 image is obscured by clouds, preventing reliable assessment. No response signal visible in usable pixels",good,good,Cloud cover in the final image prevents confirmation of persistence; slight differences in sensor resolution and viewing angle between images introduce alignment uncertainty.,VANTOR_PRE_EVENT_MOSAIC | COPERNICUS_LEGION_20260626 | VANTOR_B15000110186C610_20260627 | COPERNICUS_GEOEYE1_20260705,pending,,
28,aoi12_r006_c022,10.59977064,-66.9941081,possible_response_signal,0.65,medium,2026-06-26T15:10:00Z,2025-11-03/2026-03-21/2026-04-07,large military transport aircraft parked on tarmac | additional aircraft visible near terminal area,presence of large military transport aircraft in post-event images not seen in pre-event reference,"Post-event image from June 26 shows a large military transport aircraft on the tarmac, which is not present in the pre-event mosaic. The aircraft remains visible in the June 27 image. The July 5 image is heavily obscured by cloud cover, preventing confirmation of persistence. No other response assets such as vehicles, tents, or equipment are clearly visible.",good,good,Image quality and sensor differences limit definitive assessment; cloud cover in final image prevents confirmation of ongoing activity.,VANTOR_PRE_EVENT_MOSAIC | COPERNICUS_LEGION_20260626 | VANTOR_B15000110186C610_20260627 | COPERNICUS_GEOEYE1_20260705,pending,,
29,aoi12_r006_c024,10.59977064,-66.98512495,possible_response_signal,0.65,medium,2026-06-26T15:10:00Z,2025-11-03/2026-03-21/2026-04-07,large aircraft parked on tarmac | smaller aircraft parked near terminal area | temporary structures or tents near hangars | organized material staging areas near buildings,some aircraft have been repositioned; new temporary structures appear,"The pre-event image shows an airport with multiple aircraft and no visible temporary structures. In the post-event images, particularly on June 26, a black military-style helicopter is visible on the tarmac, and additional temporary structures are present near the terminal area, suggesting response activity. However, the changes are not definitive due to potential ambiguity in asset type and lack of clear emergency vehicles.",good,good,"Limited resolution and sensor differences make it difficult to confirm the presence of specific response assets like ambulances or cranes. The same-day images (June 26 and 27) show some change, but the evidence is not conclusive. The July 5 image confirms persistence but cannot establish first arrival.",VANTOR_PRE_EVENT_MOSAIC | COPERNICUS_LEGION_20260626 | VANTOR_B15000110186C610_20260627 | COPERNICUS_GEOEYE1_20260705,pending,,
30,aoi12_r007_c014,10.60418555,-67.03004071,possible_response_signal,0.65,medium,2026-06-26T15:10:00Z,2025-11-03/2026-03-21/2026-04-07,"large-scale rubble and debris in streets and yards | collapsed buildings with exposed structural frames | visible damage to multiple rooftops (missing tiles, collapsed sections) | scattered construction materials and demolition waste | localized road blockages from collapsed structures",significant structural damage and widespread debris present post-event compared to pre-event image,"The pre-event image shows intact buildings and normal street conditions. The June 26 image reveals extensive structural damage and debris consistent with earthquake impact. No response vehicles or temporary shelters are visible. The damage is persistent through June 27 and July 5 images, but no emergency assets such as cranes, tents, or organized material staging are evident. Cloud cover in the July 5 image limits visibility but does not obscure the damage pattern.",good,good,"No clear evidence of response assets (e.g., trucks, tents, heavy machinery) despite visible destruction. The lack of visible response activity could be due to delayed deployment, sensor limitations, or operational secrecy. Clouds in the final image reduce confidence in absence of response.",VANTOR_PRE_EVENT_MOSAIC | COPERNICUS_LEGION_20260626 | VANTOR_B15000110186C610_20260627 | COPERNICUS_GEOEYE1_20260705,pending,,
31,aoi12_r007_c015,10.60418555,-67.02554914,possible_response_signal,0.65,medium,2026-06-26T15:10:00Z,2025-11-03/2026-03-21/2026-04-07,large organized material staging near hillside in upper right | temporary tents or structures in lower right area | organized gathering compatible with shelter or collection point in lower right,visible changes in material staging and temporary structures between pre-event and post-event images,"In the post-event image from June 26, large piles of materials are visible on the hillside and temporary shelters appear in the lower-right neighborhood, suggesting response activity. These features are not present in the pre-event mosaic. The July 5 image is obscured by clouds, preventing assessment of persistence. Alignment between images is sufficient for comparison.",good,good,"The cloud cover in the July 5 image prevents confirmation of persistence. Sensor differences (Legion vs LG05) may affect visibility and interpretation. Some observed features could be consistent with ongoing construction or informal settlement growth, though their timing suggests a response context.",VANTOR_PRE_EVENT_MOSAIC | COPERNICUS_LEGION_20260626 | VANTOR_B15000110186C610_20260627 | COPERNICUS_GEOEYE1_20260705,pending,,
32,aoi12_r007_c016,10.60418555,-67.02105756,possible_response_signal,0.65,medium,2026-06-26T15:10:00Z,2025-11-03/2026-03-21/2026-04-07,"large organized material staging with stacked containers and shipping units near road in lower-right | temporary structures or tents visible near container area | organized vehicle clusters, including what appears to be a fuel truck or large tanker, adjacent to the staging area | visible presence of personnel or small groups near the staging site",increased activity and organization at lower-right site post-event compared to pre-event image,"The June 26 image shows a significant increase in organized logistics activity—stacked containers, temporary shelters, and clustered vehicles—that is not present in the pre-event mosaic from early 2026. The July 5 image confirms continued presence but does not establish first arrival. No response assets are visible in the pre-event image, and the change is consistent across sensors and dates.",good,good,Cloud cover in the GeoEye-1 image (July 5) prevents full confirmation of persistence; slight differences in sensor resolution and view angle between images may affect asset detection.,VANTOR_PRE_EVENT_MOSAIC | COPERNICUS_LEGION_20260626 | VANTOR_B15000110186C610_20260627 | COPERNICUS_GEOEYE1_20260705,pending,,
33,aoi12_r007_c026,10.60418555,-66.9761418,possible_response_signal,0.65,medium,2026-06-26T15:10:00Z,2025-11-03/2026-03-21/2026-04-07,small temporary structure near runway edge | additional vehicles near aircraft parking area | organized material staging on tarmac,changes observed between pre-event and post-event images,Post-event image shows new small temporary structures and additional vehicles in the aircraft parking area not visible in the pre-event mosaic. These assets are consistent with emergency response activities. The July 5 image is unusable due to cloud cover.,good,good,"The June 27 image has lower resolution and may not clearly show all assets; the July 5 image is obscured by clouds, making it impossible to confirm persistence.",VANTOR_PRE_EVENT_MOSAIC | COPERNICUS_LEGION_20260626 | VANTOR_B15000110186C610_20260627 | COPERNICUS_GEOEYE1_20260705,pending,,
34,aoi12_r007_c038,10.60418555,-66.92224288,possible_response_signal,0.65,medium,2026-06-26T15:10:00Z,2025-11-03/2026-03-21/2026-04-07,large truck or bus on coastal road | temporary structures or tents near buildings | organized material staging area,changes observed between pre-event and post-event images,"In the June 26 image, a large vehicle is visible on the coastal road near the roundabout, consistent with response logistics. There are also indications of temporary structures and organized material staging in the urban area. The June 29 image shows similar features but with lower visibility due to cloud cover; the July 5 image is too degraded for reliable assessment. The pre-event image shows no such assets. While some elements may be ambiguous, their presence post-event suggests possible emergency response activity.",good,good,Cloud cover in the June 29 image prevents definitive confirmation; the July 5 image is too low quality for reliable interpretation.,VANTOR_PRE_EVENT_MOSAIC | COPERNICUS_LEGION_20260626 | VANTOR_B140001100B5C810_20260629 | COPERNICUS_GEOEYE1_20260705,pending,,
35,aoi12_r008_c014,10.60860038,-67.03004071,possible_response_signal,0.65,medium,2026-06-26T15:10:00Z,,"large-scale rubble and collapsed structures in central and eastern portions of the grid cell | visible road clearing or debris removal along main roads, particularly on the east side | temporary tent-like structures near the coastline in the southeast quadrant | organized material staging areas adjacent to damaged zones",significant structural damage and debris presence post-event compared to pre-event image,"The pre-event image (2025-11-03/2026-03-21/2026-04-07) shows intact buildings and no visible damage. The June 26 image reveals widespread destruction, including collapsed roofs and walls, with scattered debris. Some organized activity is apparent, such as cleared roads and temporary shelters. The June 27 image confirms persistence of damage and some activity. The July 5 image shows persistent rubble and ongoing site use, but the cloud cover limits visibility of new assets. No response vehicles or equipment are clearly visible in any image.",good,good,"Cloud cover in the July 5 image obscures parts of the scene; alignment between sensors varies slightly, affecting precise change detection; limited resolution prevents definitive identification of small response assets.",VANTOR_PRE_EVENT_MOSAIC | COPERNICUS_LEGION_20260626 | VANTOR_B15000110186C610_20260627 | COPERNICUS_GEOEYE1_20260705,pending,,
36,aoi12_r008_c016,10.60860038,-67.02105756,possible_response_signal,0.65,medium,2026-06-26T15:10:00Z,2025-11-03/2026-03-21/2026-04-07,large white temporary tent structure near intersection | organized material staging and debris clearing on roadsides | increased vehicle activity at key intersections,presence of temporary shelter and road clearing activity in post-event images not seen in pre-event image,"A large white temporary tent is visible in the June 26 and June 27 images, located near a major intersection and not present in the pre-event mosaic. There is also evidence of organized debris clearing along roadsides and increased vehicle movement consistent with response operations. The July 5 image is obscured by clouds, preventing assessment of persistence. The observed assets are not present in the pre-event reference.",good,good,Cloud cover in the final image (July 5) prevents confirmation of persistence; slight sensor differences between images may affect visibility; no ground-truth confirmation available.,VANTOR_PRE_EVENT_MOSAIC | COPERNICUS_LEGION_20260626 | VANTOR_B15000110186C610_20260627 | COPERNICUS_GEOEYE1_20260705,pending,,
37,aoi12_r008_c021,10.60860038,-66.99859968,possible_response_signal,0.65,medium,2026-06-26T15:10:00Z,2025-11-03/2026-03-21/2026-04-07,temporary structures or tents near the coast | organized material staging areas on the road,changes in land use and presence of temporary structures compared to pre-event,"The image from 2026-06-26 shows visible signs of temporary infrastructure such as tents or shelters near the coastal area and organized material staging along the road, which are not present in the pre-event reference image. These features suggest response activity, though the evidence is not definitive due to potential ambiguity in identifying temporary structures without ground truth. The subsequent image from 2026-06-27 confirms persistence, while the July 5 image shows continued presence but cannot confirm initial arrival.",good,good,Limited resolution and sensor differences make definitive identification of response assets challenging; cloud cover in later images may obscure details.,VANTOR_PRE_EVENT_MOSAIC | COPERNICUS_LEGION_20260626 | VANTOR_B15000110186C610_20260627 | COPERNICUS_GEOEYE1_20260705,pending,,
38,aoi12_r008_c024,10.60860038,-66.98512495,possible_response_signal,0.65,medium,2026-06-26T15:10:00Z,,temporary structures or tents near beach area | organized material staging near coastal road | small vehicles and possible response personnel on beach,"some change in use of beach area post-event, including temporary structures and organized activity not seen in pre-event image","Post-event images (June 26 and June 27) show activity along the beach and near the coastal road—specifically temporary structures and organized material staging—that are not present in the pre-event image (November 3, 2025–April 7, 2026). The July 5 image shows no such features, but this may be due to sensor differences or cloud cover. No heavy machinery or large emergency vehicles are visible. The observed changes are consistent with early-stage response efforts but lack definitive confirmation.",good,good,"Image alignment is good, but the final image (July 5) is blank/low quality; there is a slight discrepancy between sensors and dates that limits certainty. Response assets are subtle and could be misinterpreted as non-response activity.",VANTOR_PRE_EVENT_MOSAIC | COPERNICUS_LEGION_20260626 | VANTOR_B15000110186C610_20260627 | COPERNICUS_GEOEYE1_20260705,pending,,
39,aoi12_r009_c016,10.61301516,-67.02105756,possible_response_signal,0.65,medium,2026-06-26T15:10:00Z,2025-11-03/2026-03-21/2026-04-07,large-scale container stacking in port area | temporary structures or shelters near beach | organized material staging on land adjacent to coast,significant change in coastal infrastructure and organization post-event,"Post-event images show large container stacks and temporary structures not visible in the pre-event mosaic, suggesting response-related activity; however, the presence of containers may indicate pre-existing logistics use, so signal is possible but not definitive.",good,good,Different sensors and viewing angles make direct comparison difficult; some assets may be pre-existing; cloud cover in later image limits confidence in persistence.,VANTOR_PRE_EVENT_MOSAIC | COPERNICUS_LEGION_20260626 | VANTOR_B15000110186C610_20260627 | COPERNICUS_GEOEYE1_20260705,pending,,
40,aoi12_r009_c017,10.61301516,-67.01656598,possible_response_signal,0.65,medium,2026-06-26T15:10:00Z,2025-11-03/2026-03-21/2026-04-07,temporary blue-roofed structure near marina entrance | organized staging of white boats and small vessels in marina | displaced or damaged material on hillside adjacent to road,visible change in marina activity and presence of temporary structures after event,"Post-event images show a temporary blue-roofed structure not present in pre-event mosaic, increased density of boats in marina, and visible debris/damage on hillslope; these changes are consistent with early response activity but lack definitive evidence of vehicles or personnel.",good,good,Cloud cover in the July 5 image obscures key areas; sensor differences and potential misalignment limit confidence in detecting subtle changes; no clear evidence of emergency vehicles or large-scale operations.,VANTOR_PRE_EVENT_MOSAIC | COPERNICUS_LEGION_20260626 | VANTOR_B15000110186C610_20260627 | COPERNICUS_GEOEYE1_20260705,pending,,
41,aoi12_r009_c018,10.61301516,-67.01207441,possible_response_signal,0.65,medium,2026-06-26T15:10:00Z,2025-11-03/2026-03-21/2026-04-07,large organized material staging near beach | temporary structures or tents near coastal area | organized gathering of vehicles near beach access | visible changes in road usage and vehicle distribution,"changes observed between pre-event and post-event images, including new material staging and temporary structures","In the June 26 image, large organized material staging and temporary structures are visible near the beach, which are not present in the pre-event mosaic. These features suggest response activity. The June 27 image shows similar features, but the July 5 image is obscured by cloud cover, making it impossible to confirm persistence. No definitive evidence of response assets like excavators, ambulances, or military vehicles is visible.",good,good,"The July 5 image is heavily obscured by cloud cover, preventing assessment of persistence. Alignment and sensor differences introduce uncertainty in change detection.",VANTOR_PRE_EVENT_MOSAIC | COPERNICUS_LEGION_20260626 | VANTOR_B15000110186C610_20260627 | COPERNICUS_GEOEYE1_20260705,pending,,
42,aoi12_r005_c013,10.59535568,-67.03453229,possible_response_signal,0.6,medium,2026-06-26T15:10:00Z,2025-11-03/2026-03-21/2026-04-07,small vehicles near road in central area | debris and disturbed earth on hillside,increase in debris and possible vehicle presence post-event,"Post-event images show increased disturbance and potential vehicle activity not visible in the pre-event mosaic; however, no clear emergency response assets like large trucks, tents, or equipment are identifiable. Cloud cover in the July 5 image prevents definitive assessment of persistence.",good,good,Cloud cover in the final image obscures visibility; sensor differences and resolution limits make definitive asset identification difficult; observed changes may be due to natural aftermath rather than organized response.,VANTOR_PRE_EVENT_MOSAIC | COPERNICUS_LEGION_20260626 | VANTOR_B15000110186C610_20260627 | COPERNICUS_GEOEYE1_20260705,pending,,
43,aoi12_r005_c015,10.59535568,-67.02554914,possible_response_signal,0.6,medium,2026-06-26T15:10:00Z,2025-11-03/2026-03-21/2026-04-07,small orange vehicle on road near central clearing | temporary white structures near right edge | organized material staging area near lower center,some change in ground use and vehicle presence post-event,"In the pre-event image (2025-11-03/2026-03-21/2026-04-07), the site shows natural terrain and existing infrastructure without response assets. In the June 26 image, a small orange vehicle is visible on a road near the central clearing, which appears to be an excavator or loader; temporary white structures are present along the right edge; and there is organized material staging near the lower center. These features are not clearly present in the pre-event image. The June 27 image confirms similar activity with consistent asset placement. The July 5 image is heavily obscured by cloud cover and does not provide usable evidence. The observed changes are consistent with early response activities.",good,good,"The images vary in sensor type and resolution; the June 27 image has slightly lower clarity than the Legion image, and the July 5 image is unusable due to cloud cover.",VANTOR_PRE_EVENT_MOSAIC | COPERNICUS_LEGION_20260626 | VANTOR_B15000110186C610_20260627 | COPERNICUS_GEOEYE1_20260705,pending,,
44,aoi12_r005_c034,10.59535568,-66.94020918,possible_response_signal,0.6,medium,2026-06-26T15:10:00Z,2025-11-03/2026-03-21/2026-04-07,large-scale debris or landslides on hillside slopes | temporary structures or shelters in open areas | organized material staging near roads,significant changes in terrain and structure integrity post-event,"Post-event images show altered topography and possible construction activity not present in pre-event mosaic; however, no definitive response vehicles or large organized gatherings are clearly visible.",good,good,Cloud cover in the July 5 image prevents reliable assessment of persistence; slight differences between June 26 and June 29 scenes may be due to sensor variation rather than actual change.,VANTOR_PRE_EVENT_MOSAIC | COPERNICUS_LEGION_20260626 | VANTOR_B140001100B5C810_20260629 | COPERNICUS_GEOEYE1_20260705,pending,,
45,aoi12_r005_c040,10.59535568,-66.91325973,possible_response_signal,0.6,medium,2026-06-26T15:10:00Z,,small red structures along road | temporary-looking tents or shelters near road junction | dirt clearing and possible vehicle tracks on forest path,"presence of temporary structures and activity along a previously undeveloped forest road, not visible in pre-event image","Post-event images show new construction-like elements (red structures) and possible temporary shelters along a forest road, consistent with emergency staging. The pre-event mosaic shows no such features. The June 29 image confirms the scene is still active, though cloud cover in the July 5 image prevents definitive assessment of persistence.",good,good,Image 3 (June 29) has partial cloud cover and lower resolution; alignment between images is good but sensor differences limit fine detail comparison. No response assets are clearly visible in the pre-event image.,VANTOR_PRE_EVENT_MOSAIC | COPERNICUS_LEGION_20260626 | VANTOR_B140001100B5C810_20260629 | COPERNICUS_GEOEYE1_20260705,pending,,
46,aoi12_r007_c039,10.60418555,-66.9177513,possible_response_signal,0.6,medium,2026-06-26T15:10:00Z,2025-11-03/2026-03-21/2026-04-07,small white temporary structures near coastal road | organized material staging area near central buildings | mobile vehicles on main coastal road,minor changes in asset presence and organization post-event,"In the June 26 image, small white temporary structures and organized material staging are visible near the central built-up area, which were not present in the pre-event mosaic (Nov 2025–Apr 2026). These features are consistent with early response activity. The June 29 image shows similar patterns but is less clear due to sensor differences. The July 5 image shows no new or distinct response assets. No large-scale response equipment such as excavators, cranes, or emergency vehicles are clearly visible.",good,good,Limited resolution and sensor differences between images make definitive attribution difficult; some observed features could be pre-existing or non-response-related.,VANTOR_PRE_EVENT_MOSAIC | COPERNICUS_LEGION_20260626 | VANTOR_B140001100B5C810_20260629 | COPERNICUS_GEOEYE1_20260705,pending,,
47,aoi12_r007_c047,10.60418555,-66.88181869,possible_response_signal,0.6,medium,2026-06-26T15:10:00Z,,large construction-like structure with roof in central area | dirt clearing and grading around the structure | road access improvements near the site,increased earth-moving activity and site development between June 26 and June 29,"In the June 26 image, a large partially constructed or reinforced structure is visible in the center of the grid cell, surrounded by cleared ground and access roads. By June 29, the same area shows more extensive earthwork and what appears to be ongoing site preparation. The July 5 image is too obscured by cloud cover to assess further changes. No response vehicles or temporary shelters are clearly visible.",good,good,"The images from different sensors (Legion, LG04, GeoEye-1) have varying resolutions and viewing angles, and the July 5 image is heavily clouded, making definitive assessment of response activity difficult.",COPERNICUS_LEGION_20260626 | VANTOR_B140001100B5C810_20260629 | COPERNICUS_GEOEYE1_20260705,pending,,
48,aoi12_r007_c060,10.60418555,-66.8234282,possible_response_signal,0.6,medium,2026-06-26T15:10:00Z,2025-11-03/2026-03-21/2026-04-07,"large construction equipment (excavators, loaders) in open area | organized material staging at site entrance | temporary structures or tents near central clearing | road clearance activity visible along main access road",increase in construction equipment and material staging post-event compared to pre-event image,"Post-event images (June 26, 29) show increased presence of heavy machinery and organized material staging not visible in the pre-event mosaic. Cloud cover in June 26 limits visibility but does not obscure key features. The July 5 image is too late to establish arrival timing. No response assets are visible in the pre-event reference.",good,good,Disagreement between June 29 scenes due to sensor angle and partial cloud coverage; cannot definitively confirm all observed assets across both LG04 images.,VANTOR_PRE_EVENT_MOSAIC | COPERNICUS_LEGION_20260626 | VANTOR_B140001100B5C810_20260629 | VANTOR_B140001100B5C710_20260629 | COPERNICUS_GEOEYE1_20260705,pending,,
49,aoi12_r008_c019,10.60860038,-67.00758283,possible_response_signal,0.6,medium,2026-06-26T15:10:00Z,2025-11-03/2026-03-21/2026-04-07,large excavator or loader in lower-left quarry area | dump truck near excavation site | temporary white tent structure on hillside near center-right | organized material staging piles in lower-left zone | newly cleared road segment near central cluster,visible changes in lower-left industrial area and central residential zones between pre-event and post-event images,"In the pre-event image, the lower-left area shows a quarry with no visible response assets. In the June 26 image, heavy machinery (excavator/loader) and dump trucks are present, along with organized material piles and temporary tents. These assets are not visible in the pre-event image. The June 27 image confirms continued activity. The July 5 image is obscured by cloud cover, preventing confirmation of persistence.",good,good,Cloud cover in the final image prevents assessment of continuity; slight sensor differences may affect detection confidence.,VANTOR_PRE_EVENT_MOSAIC | COPERNICUS_LEGION_20260626 | VANTOR_B15000110186C610_20260627 | COPERNICUS_GEOEYE1_20260705,pending,,
50,aoi12_r008_c025,10.60860038,-66.98063337,possible_response_signal,0.6,medium,2026-06-26T15:10:00Z,2025-11-03/2026-03-21/2026-04-07,small vehicles on road near beach | temporary structures or tents near parking area | organized material staging near pier | road clearance activity indicated by vehicle movement,increased activity and presence of temporary assets post-event compared to pre-event,"Post-event images (2026-06-26 and 2026-06-27) show increased vehicular traffic, small temporary structures, and organized material staging near the coastal area that are not present in the pre-event mosaic. The changes suggest response activity, though limited in scale.",good,good,Limited resolution and potential cloud cover in some images; alignment between sensors is good but not perfect; no definitive heavy machinery or large-scale response infrastructure visible.,VANTOR_PRE_EVENT_MOSAIC | COPERNICUS_LEGION_20260626 | VANTOR_B15000110186C610_20260627 | COPERNICUS_GEOEYE1_20260705,pending,,
51,aoi12_r008_c048,10.60860038,-66.87732711,possible_response_signal,0.6,medium,2026-06-29T14:09:55Z,2026-06-26T15:10:00Z,large organized material staging near beach area | temporary structures or tents on sand | increased vehicle activity on coastal road | visible response boats in harbor,increased activity and organization of assets near coastline between June 26 and June 29,"In the June 26 image, the scene appears normal with no clear signs of emergency response. By June 29, there is visible evidence of organized material staging, temporary structures, and increased traffic along the coastal road—consistent with a response effort. The July 5 image is obscured by clouds, preventing assessment of persistence. No pre-event reference is provided for direct comparison, but the post-event images show changes consistent with response activity.",good,good,"The June 29 image shows potential response indicators, but the July 5 image is cloud-covered, preventing confirmation of persistence. Alignment between sensors is good, but differences in resolution and viewing angle introduce uncertainty.",COPERNICUS_LEGION_20260626 | VANTOR_B140001100B5C810_20260629 | COPERNICUS_GEOEYE1_20260705,pending,,
52,aoi12_r009_c019,10.61301516,-67.00758283,possible_response_signal,0.6,medium,2026-06-26T15:10:00Z,2025-11-03/2026-03-21/2026-04-07,small temporary structures or tents near beach area | organized material staging on sand | increased vehicle presence along coastal road,visible changes in beach and coastal road areas post-event,"Post-event images (June 26 and June 27) show increased activity on the beach and adjacent road, including small temporary structures and organized material staging not visible in pre-event image. These features are consistent with emergency response operations. However, the evidence is not definitive due to resolution and potential confusion with existing use. The July 5 image is obscured by clouds, preventing confirmation.",good,good,Cloud cover in final image prevents confirmation of persistence; alignment and sensor differences limit certainty; observed features could be non-response related.,VANTOR_PRE_EVENT_MOSAIC | COPERNICUS_LEGION_20260626 | VANTOR_B15000110186C610_20260627 | COPERNICUS_GEOEYE1_20260705,pending,,
53,aoi12_r010_c057,10.61742986,-66.83690293,possible_response_signal,0.6,medium,2026-06-26T15:10:00Z,2025-11-03/2026-03-21/2026-04-07,large plume of white smoke or dust over the coastal area | visible disruption at the breakwater/sea wall,significant change in atmospheric conditions and water surface disturbance between pre-event and post-event images,"A large plume of white smoke or dust is visible in the June 26 image, extending from the coast into the sea, which is not present in the pre-event mosaic. This feature suggests a significant event such as an explosion or collapse. The subsequent June 29 images show a return to calm conditions with no such plume, indicating a transient event. No vehicles, structures, or organized material staging consistent with emergency response are visible in any image.",good,good,"The observed plume could be due to a non-response-related event (e.g., natural phenomenon, industrial accident). The absence of clear response assets (vehicles, tents, etc.) makes it difficult to confirm response activity. The June 29 images are inconsistent due to cloud cover and sensor differences, making direct comparison uncertain.",VANTOR_PRE_EVENT_MOSAIC | COPERNICUS_LEGION_20260626 | VANTOR_B140001100B5C810_20260629 | VANTOR_B140001100B5C710_20260629 | COPERNICUS_GEOEYE1_20260705,pending,,
54,aoi12_r008_c053,10.60860038,-66.85486923,uncertain_imagery_or_alignment,0.5,high,,,,no discernible change in response assets or site use,"No response signal visible in usable pixels. Image 1 (2026-06-26) is heavily obscured by clouds, making assessment impossible. Image 2 (2026-06-29) shows a clear view of the area with no visible excavators, dump trucks, temporary shelters, organized material staging, or large gatherings indicative of emergency response. Image 3 (2026-07-05) is almost entirely white/blank, likely due to cloud cover or sensor issue, preventing analysis. No pre-event reference image is provided for comparison.",low,poor,Image 1 and Image 3 are unusable due to cloud cover; Image 2 shows no visible response assets; lack of pre-event imagery prevents definitive assessment of changes.,COPERNICUS_LEGION_20260626 | VANTOR_B140001100B5C810_20260629 | COPERNICUS_GEOEYE1_20260705,pending,,
55,aoi12_r008_c039,10.60860038,-66.9177513,uncertain_imagery_or_alignment,0.1,high,,,,no observable change due to lack of usable imagery,"no response signal visible in usable pixels; images are largely black, uniform dark, or lack sufficient content to identify any features, vehicles, or changes; pre-event mosaic is also non-informative; cannot confirm or deny presence of response assets due to poor image quality and lack of visible ground features","extremely poor to non-existent in most images; large portions are black, uniform dark, or lack usable content",unknown; no discernible features for alignment across images,"images are unusable for analysis due to extreme darkness, lack of content, or sensor artifacts; no ground features or response-compatible assets are visible; alignment and comparison impossible",VANTOR_PRE_EVENT_MOSAIC | COPERNICUS_LEGION_20260626 | VANTOR_B140001100B5C810_20260629 | COPERNICUS_GEOEYE1_20260705,pending,,
56,aoi12_r008_c042,10.60860038,-66.90427657,uncertain_imagery_or_alignment,0.1,high,,,,no discernible change in response assets,"Image 1 (2026-06-26) is predominantly black with minimal visible surface features, making asset detection impossible. Image 2 (2026-06-29) shows a uniform dark green-gray surface with no identifiable response assets or site-use changes. Image 3 (2026-07-05) is almost entirely white, likely due to overexposure or sensor saturation, rendering the scene unusable for analysis. The severe degradation across all three images prevents reliable comparison or detection of any response activity.",low,poor,"All images exhibit significant quality issues—complete darkness, uniform coloration, or extreme overexposure—that prevent visual interpretation of the ground surface. Alignment between sensors and dates is unreliable, and no response-compatible assets are visible in any usable pixels.",COPERNICUS_LEGION_20260626 | VANTOR_B140001100B5C810_20260629 | COPERNICUS_GEOEYE1_20260705,pending,,
